0,04-07-2025 20:56:24,Hardware monitoring log v1.6,,,,,,,,,,,,,,
1,04-07-2025 20:56:24,NVIDIA GeForce RTX 2070,,,,,,,,,,,,,,
2,04-07-2025 20:56:24,GPU temperature,GPU usage,Framerate,BUS usage,Memory usage,Memory clock,Power percent,Power,Fan speed,No load limit,CPU temperature,CPU8 usage,CPU usage,CPU power,RAM usage
3,04-07-2025 20:56:24,0,°C,0,100,10,,,,,,,,,,
3,04-07-2025 20:56:24,1,%,0,100,10,,,,,,,,,,
3,04-07-2025 20:56:24,2,FPS,0,200,10,,,,,,,,,,
3,04-07-2025 20:56:24,3,%,0,100,10,,,,,,,,,,
3,04-07-2025 20:56:24,4,MB,0,8192,10,,,,,,,,,,
3,04-07-2025 20:56:24,5,MHz,0,7500,10,,,,,,,,,,
3,04-07-2025 20:56:24,6,%,0,150,10,,,,,,,,,,
3,04-07-2025 20:56:24,7,W,0,300,10,,,%.1f,,,,,,,
3,04-07-2025 20:56:24,8,%,0,100,10,,,,,,,,,,
3,04-07-2025 20:56:24,9,,0,1,10,,,,,,,,,,
3,04-07-2025 20:56:24,10,°C,0,100,10,,,,,,,,,,
3,04-07-2025 20:56:24,11,%,0,100,10,,,,,,,,,,
3,04-07-2025 20:56:24,12,%,0,100,10,,,,,,,,,,
3,04-07-2025 20:56:24,13,W,0,200,10,,,%.1f,,,,,,,
3,04-07-2025 20:56:24,14,MB,0,16384,10,,,,,,,,,,
80,04-07-2025 20:56:24,38,38,119.9,1,2395.523,7000.98,29,53.5,43,1,88,68.895,67.858,93.789,14879
80,04-07-2025 20:56:25,38,40,66.9,1,2426.148,7000.98,38,52.419,43,1,83,62.937,64.724,98.065,15079
80,04-07-2025 20:56:26,39,24,120.9,1,2400.836,7000.98,26,52.277,43,1,69,29.528,34.545,55.563,15041
80,04-07-2025 20:56:27,38,29,50.9,1,2427.293,7000.98,24,45.865,43,1,72,38.795,33.287,50.688,15077
80,04-07-2025 20:56:28,38,27,120.7,1,2435.844,7000.98,26,46.906,43,1,69,18.569,24.525,37.276,15040
80,04-07-2025 20:56:29,38,39,118.9,1,2439.125,7000.98,25,47.084,43,1,73,41.676,49.082,65.967,15140
80,04-07-2025 20:56:30,38,38,119.9,1,2494.344,7000.98,26,47.296,43,1,78,50.735,53.6,75.64,15187
80,04-07-2025 20:56:31,38,28,51.9,1,2557.469,5000.98,21,32.821,43,1,84,74.416,73.463,95.009,15459
80,04-07-2025 20:56:32,38,25,64.3,1,2550.883,7000.98,21,36.603,43,1,92,99.341,98.32,128.788,15448
80,04-07-2025 20:56:33,38,24,100,1,2529.711,7000.98,21,45.112,43,1,92,100,99.901,130.915,15360
80,04-07-2025 20:56:34,39,27,106.2,1,2542.719,7000.98,26,47.529,43,1,95,92.905,87.691,126.006,15153
80,04-07-2025 20:56:35,38,23,28.9,1,2534.094,5000.98,16,28.42,43,1,97,80.424,75.543,113.48,15222
80,04-07-2025 20:56:36,37,5,22,0,2399.953,810,17,23.032,43,1,98,97.255,94.074,130.985,15327
80,04-07-2025 20:56:37,41,42,113.5,1,2403.766,7000.98,26,64.578,43,1,96,85.829,83.989,121.367,15323
80,04-07-2025 20:56:38,42,35,105.4,3,2391.078,7000.98,42,81.328,43,0,98,91.471,84.434,123.66,15330
80,04-07-2025 20:56:39,43,35,110.8,2,2377.953,7000.98,55,91.572,43,0,97,82.875,83.704,119.795,15321
80,04-07-2025 20:56:40,44,37,109.9,2,2348.074,7000.98,54,91.512,43,0,100,87.282,82.69,120.722,15322
80,04-07-2025 20:56:41,44,38,116.8,2,2348.074,7000.98,54,95.234,43,0,86,75.753,74.02,112.347,15324
80,04-07-2025 20:56:42,45,42,119.7,4,2340.699,7000.98,55,103.608,43,0,76,41.487,51.646,69.19,15324
80,04-07-2025 20:56:43,45,43,120,4,2332.121,7000.98,63,98.09,43,0,72,28.175,41.948,62.064,15318
80,04-07-2025 20:56:44,45,40,118.9,4,2315.934,7000.98,52,96.025,43,0,69,67.052,67.161,94.45,15330
80,04-07-2025 20:56:45,46,39,115.8,3,2315.934,7000.98,53,101.538,43,0,77,62.523,67.816,89.936,15314
80,04-07-2025 20:56:46,46,39,119.9,3,2332.379,7000.98,50,95.037,43,0,76,43.377,54.009,75.63,15337
80,04-07-2025 20:56:47,47,41,119.8,4,2338.629,7000.98,62,99.011,43,0,77,32.924,45.734,59.336,15321
80,04-07-2025 20:56:48,47,44,120.4,4,2341.254,7000.98,63,104.725,43,0,72,32.836,44.434,57.465,15316
80,04-07-2025 20:56:49,47,44,119.7,4,2336.379,7000.98,49,92.485,43,0,86,35.461,45.15,59.383,15322
80,04-07-2025 20:56:50,47,39,120.4,4,2336.504,7000.98,56,95.503,43,0,74,51.234,58.781,73.455,15292
80,04-07-2025 20:56:51,47,41,119.8,4,2340.254,7000.98,62,100.349,43,0,76,60.527,59.454,79.269,15350
80,04-07-2025 20:56:52,48,42,120.3,4,2342.691,7000.98,56,99.388,43,0,71,29.636,40.948,47.091,15251
80,04-07-2025 20:56:53,48,41,119.9,4,2322.934,7000.98,53,101.363,43,0,67,64.319,67.246,88.772,15269
80,04-07-2025 20:56:54,49,44,119.6,4,2322.934,7000.98,53,100.347,43,0,72,32.326,43.375,59.352,15242
80,04-07-2025 20:56:55,49,43,114.7,4,2338.934,7000.98,59,111.949,43,0,89,55.028,62.439,85.001,15242
80,04-07-2025 20:56:56,50,49,119.9,4,2338.934,7000.98,62,105.933,43,0,73,58.518,68.846,92.785,15260
80,04-07-2025 20:56:57,50,45,119.6,3,2335.184,7000.98,59,111.221,43,0,76,34.239,46.339,59.757,15278
80,04-07-2025 20:56:58,50,48,110.6,4,2351.184,7000.98,68,119.299,43,0,90,69.338,74.35,109.109,15272
80,04-07-2025 20:56:59,51,48,120.8,4,2351.184,7000.98,70,111.198,43,0,87,55.393,65.59,94.821,15276
80,04-07-2025 20:57:00,51,50,119.8,5,2361.52,7000.98,66,112.237,43,0,81,52.155,62.622,81.664,15204
80,04-07-2025 20:57:01,51,50,114.9,5,2369.707,7000.98,49,103.118,43,0,93,63.54,69.849,94.845,15257
80,04-07-2025 20:57:02,52,47,116.5,4,2369.707,7000.98,63,111.507,43,0,78,59.275,67.624,97.114,15177
80,04-07-2025 20:57:03,52,50,119.8,5,2369.707,7000.98,68,109.618,43,0,73,44.044,55.624,74.034,15174
80,04-07-2025 20:57:04,52,49,115.1,5,2369.707,7000.98,65,111.217,43,0,82,56.688,63.831,92.047,15180
80,04-07-2025 20:57:05,52,48,119.9,4,2369.707,7000.98,58,112.816,43,0,78,47.129,58.94,81.305,15173
80,04-07-2025 20:57:06,53,50,118.7,5,2369.707,7000.98,57,111.06,43,0,85,65.848,70.471,95.875,15177
80,04-07-2025 20:57:07,52,49,121.1,4,2369.707,7000.98,65,111.228,43,0,78,40.684,54.892,76.156,15156
80,04-07-2025 20:57:08,53,50,119.9,5,2385.707,7000.98,70,111.019,43,0,80,44.526,56.587,78.607,15154
80,04-07-2025 20:57:09,53,50,120.1,5,2385.707,7000.98,59,110.924,43,0,75,37.722,53.111,68.525,15153
80,04-07-2025 20:57:10,53,49,119.9,5,2390.785,7000.98,58,110.966,43,0,85,43.929,55.765,74.655,15166
80,04-07-2025 20:57:11,54,45,110.1,4,2391.098,7000.98,62,110.763,43,0,82,74.781,79.518,112.037,15187
80,04-07-2025 20:57:12,54,49,119.9,5,2391.098,7000.98,69,112.209,43,0,76,38.067,53.609,75.58,15183
80,04-07-2025 20:57:13,55,49,120.1,5,2391.098,7000.98,67,112.447,43,0,75,34.948,50.245,67.998,15177
80,04-07-2025 20:57:14,55,50,119.8,5,2391.098,7000.98,60,112.809,43,0,80,47.571,59.35,80.617,15158
80,04-07-2025 20:57:15,55,49,120,5,2391.098,7000.98,58,112.307,43,0,82,69.768,70.276,96.92,15038
80,04-07-2025 20:57:16,53,49,119.6,5,2391.098,7000.98,32,96.501,43,0,77,58.597,58.376,83.199,14858
80,04-07-2025 20:57:17,55,43,98.2,4,2391.16,7000.98,57,106.541,43,0,89,53.745,61.121,81.833,14861
80,04-07-2025 20:57:18,56,47,120.8,3,2391.16,7000.98,59,112.224,43,0,76,45.393,60.712,82.169,14845
80,04-07-2025 20:57:19,55,49,120.1,5,2391.16,7000.98,51,101.31,43,0,78,38.645,50.156,69.892,14838
80,04-07-2025 20:57:20,55,43,117.5,4,2391.535,7000.98,55,99.582,43,0,84,50.078,60.382,76.887,14900
80,04-07-2025 20:57:21,55,44,117.9,3,2391.16,7000.98,53,99.52,43,0,83,79.017,77.633,105.665,14986
80,04-07-2025 20:57:22,55,41,120.6,4,2391.16,7000.98,50,95.407,43,0,76,57.578,61.228,87.801,14925
80,04-07-2025 20:57:23,55,39,119.7,4,2391.473,7000.98,60,96.321,43,0,74,32.388,43.409,60.006,14923
80,04-07-2025 20:57:24,55,40,120.4,4,2391.473,7000.98,62,95.84,43,0,72,33.972,47.192,62.497,14945
80,04-07-2025 20:57:25,55,39,119.8,4,2391.473,7000.98,49,93.535,43,0,66,25.805,39.741,52.174,14941
80,04-07-2025 20:57:26,56,38,119.8,3,2391.473,7000.98,52,93.571,43,0,84,53.923,59.936,78.257,14885
80,04-07-2025 20:57:27,55,37,120.5,3,2391.598,7000.98,51,83.126,43,1,71,34.759,45.519,58.382,14877
80,04-07-2025 20:57:28,55,38,119.8,3,2392.41,7000.98,54,85.631,43,1,67,25.101,36.713,50.441,14876
80,04-07-2025 20:57:29,55,38,119.9,3,2392.41,7000.98,48,89.103,43,1,67,27.783,38.97,52.171,14872
80,04-07-2025 20:57:30,55,38,120.4,3,2392.41,7000.98,48,88.712,43,1,68,29.033,40.798,54.192,14884
80,04-07-2025 20:57:31,55,37,120.4,3,2392.41,7000.98,50,88.716,43,1,70,45.265,52.498,71.279,14883
80,04-07-2025 20:57:32,55,38,119.9,3,2391.16,7000.98,50,78.848,43,1,68,44.36,52.665,59.715,14883
80,04-07-2025 20:57:33,55,38,118.6,3,2391.16,7000.98,49,83.257,43,1,79,55.937,60.931,80.708,14844
80,04-07-2025 20:57:34,55,37,121.7,3,2391.16,7000.98,40,76.322,43,1,67,58.309,57.617,75.887,14854
80,04-07-2025 20:57:35,55,37,120.4,3,2391.16,7000.98,42,78.292,43,1,70,34.566,43.656,59.479,14863
80,04-07-2025 20:57:36,55,38,119.8,3,2391.16,7000.98,47,81.52,43,1,69,43.448,50.075,69.601,14909
80,04-07-2025 20:57:37,55,38,120.3,3,2391.41,7000.98,43,78.651,43,1,78,55.729,62.865,78.931,15063
80,04-07-2025 20:57:38,55,38,119.8,3,2391.41,7000.98,44,82.853,43,1,69,47.562,52.426,72.92,15050
80,04-07-2025 20:57:39,55,38,120.5,3,2391.41,7000.98,44,83.628,43,1,72,37.948,48.707,61.983,15050
80,04-07-2025 20:57:40,55,37,120.3,3,2391.41,7000.98,48,76.553,43,1,68,25.645,38.761,49.524,15033
80,04-07-2025 20:57:41,54,36,120.5,3,2391.41,7000.98,43,68.383,43,1,69,32.672,42.383,56.912,15024
80,04-07-2025 20:57:42,54,37,119.9,3,2391.41,7000.98,37,69.683,43,1,77,40.449,46.001,64.198,15033
80,04-07-2025 20:57:43,54,37,119.9,3,2391.41,7000.98,37,69.596,43,1,73,54.258,57.943,79.933,15093
80,04-07-2025 20:57:44,54,37,120.4,3,2391.41,7000.98,36,67.418,43,1,76,52.76,55.018,72.941,15077
80,04-07-2025 20:57:45,54,37,120.4,2,2391.41,7000.98,41,67.462,43,1,67,25.145,35.716,47.044,15050
80,04-07-2025 20:57:46,54,37,119.6,2,2391.41,7000.98,34,62.418,43,1,65,31.011,41.549,54.82,15040
80,04-07-2025 20:57:47,54,38,119.9,2,2391.41,7000.98,34,62.928,43,1,63,22.579,33.819,40.793,15039
80,04-07-2025 20:57:48,54,38,120.5,2,2391.41,7000.98,35,65.202,43,1,64,20.644,34.43,42.279,15042
80,04-07-2025 20:57:49,54,37,119.9,2,2391.41,7000.98,37,63.712,43,1,65,22.992,33.861,43.51,15040
80,04-07-2025 20:57:50,54,37,120.4,2,2391.41,7000.98,34,62.994,43,1,64,26.266,38.41,46.505,15042
80,04-07-2025 20:57:51,55,40,119.9,3,2391.41,7000.98,47,85.483,43,1,74,47.378,49.493,66.077,15096
80,04-07-2025 20:57:52,56,40,120.4,3,2391.41,7000.98,49,92.995,43,0,70,35.854,45.428,59.791,15063
80,04-07-2025 20:57:53,56,37,119.9,3,2391.473,7000.98,54,90.092,43,0,70,25.335,37.399,50.929,15055
80,04-07-2025 20:57:54,55,35,119.5,3,2391.473,7000.98,46,75.549,43,1,68,25.636,37.145,49.959,15062
80,04-07-2025 20:57:55,55,37,120.5,3,2391.473,7000.98,39,75.236,43,1,64,26.504,39.14,51.002,15044
80,04-07-2025 20:57:56,55,37,119.9,3,2391.473,7000.98,39,71.842,43,1,67,45.331,52.901,67.115,15143
80,04-07-2025 20:57:57,55,37,120.5,3,2391.473,7000.98,42,71.292,43,1,64,36.973,45.773,56.365,15148
80,04-07-2025 20:57:58,55,36,119.8,2,2391.473,7000.98,41,71.219,43,1,72,53.674,48.993,67.268,15137
80,04-07-2025 20:57:59,54,38,119.6,2,2391.473,7000.98,37,66.089,43,1,65,28.584,38.347,51.7,15135
80,04-07-2025 20:58:00,54,38,120.4,2,2391.223,7000.98,37,68.317,43,1,66,39.221,46.632,58.19,15180
80,04-07-2025 20:58:01,55,38,119.8,2,2391.035,7000.98,37,68.45,43,1,75,42.076,46.571,63.988,15267
80,04-07-2025 20:58:02,55,37,119.8,2,2391.035,7000.98,43,69.449,43,1,64,33.214,39.876,53.235,15168
80,04-07-2025 20:58:03,55,37,119.8,2,2391.035,7000.98,38,69.624,43,1,67,22.927,34.924,41.947,15157
80,04-07-2025 20:58:04,55,37,120.3,2,2391.035,7000.98,37,67.932,43,1,63,26.1,36.265,49.348,15155
80,04-07-2025 20:58:05,55,37,120.4,2,2391.035,7000.98,38,68.417,43,1,67,27.415,35.916,45.561,15128
80,04-07-2025 20:58:06,54,38,119.9,2,2391.035,7000.98,41,65.692,43,1,67,45.412,49.453,65.995,15103
80,04-07-2025 20:58:07,54,38,120.5,2,2391.035,7000.98,38,68.235,43,1,65,18.483,31.931,40.749,15090
80,04-07-2025 20:58:08,54,37,120.4,2,2391.035,7000.98,37,68.733,43,1,65,25.207,35.546,42.637,15080
80,04-07-2025 20:58:09,56,39,116.7,3,2414.223,7000.98,49,91.12,43,0,69,31.335,41.546,54.576,15074
80,04-07-2025 20:58:10,57,39,119.8,4,2414.223,7000.98,58,91.713,43,0,65,28.558,40.086,51.943,15074
80,04-07-2025 20:58:11,57,39,120.3,4,2414.223,7000.98,49,92.67,43,0,67,28.22,39.364,48.263,15070
80,04-07-2025 20:58:12,57,38,119.5,4,2414.223,7000.98,50,93.634,43,0,66,24.518,38.489,49.646,15077
80,04-07-2025 20:58:13,58,38,118.5,3,2414.223,7000.98,55,102.717,43,0,84,47.214,53.628,71.743,15089
80,04-07-2025 20:58:14,58,41,119.5,3,2414.223,7000.98,60,88.867,43,0,91,85.214,81.256,117.774,15085
80,04-07-2025 20:58:15,58,39,120.8,4,2414.223,7000.98,64,103.052,43,0,68,70.134,70.523,93.128,15075
80,04-07-2025 20:58:16,59,43,119.9,4,2414.223,7000.98,53,102.987,43,0,71,29.234,43.009,58.312,15058
80,04-07-2025 20:58:17,60,53,138.9,3,2414.223,7000.98,73,123.875,43,0,78,58.014,65.516,91.575,15082
80,04-07-2025 20:58:18,60,64,164.2,3,2414.223,7000.98,69,123.481,43,0,78,42.044,57.068,81.303,15083
80,04-07-2025 20:58:19,60,65,156.1,3,2414.223,7000.98,64,79.866,43,0,80,44.231,56.723,80.761,15070
80,04-07-2025 20:58:20,59,43,120.9,4,2414.223,7000.98,59,100.124,43,0,81,48.181,58.225,79.118,15067
80,04-07-2025 20:58:21,60,47,116.1,3,2429.387,7000.98,55,103.215,43,0,84,75.315,78.481,105.52,15109
80,04-07-2025 20:58:22,59,41,111.4,3,2429.824,7000.98,64,103.704,43,0,72,44.028,54.634,57.997,15081
80,04-07-2025 20:58:23,60,44,117.9,4,2429.199,7000.98,64,100.858,43,0,73,46.156,57.723,63.112,15051
80,04-07-2025 20:58:24,60,44,117.8,4,2428.949,7000.98,54,103.72,43,0,69,29.984,42.643,63.863,15068
80,04-07-2025 20:58:25,60,44,119.9,4,2428.949,7000.98,53,102.256,43,0,79,36.488,49.2,66.905,15078
80,04-07-2025 20:58:26,60,40,109.8,4,2436.262,7000.98,53,104.071,43,0,80,54.844,58.516,82.491,15077
80,04-07-2025 20:58:27,61,44,120,4,2431.512,7000.98,60,104.257,43,0,74,29.633,45.355,63.082,15056
80,04-07-2025 20:58:28,60,44,118.7,4,2431.512,7000.98,57,101.015,43,0,70,27.448,42.912,57.181,15062
80,04-07-2025 20:58:29,61,44,120.2,4,2431.512,7000.98,54,103.552,43,0,71,29.125,43.119,58.161,15072
80,04-07-2025 20:58:30,61,44,120.3,4,2431.512,7000.98,58,104.683,43,0,72,29.425,43.753,59.858,15064
80,04-07-2025 20:58:31,61,44,119.9,4,2431.512,7000.98,63,105.041,43,0,69,27.445,42.666,57.49,15058
80,04-07-2025 20:58:32,60,39,101.2,3,2431.512,7000.98,44,100.381,43,0,73,35.565,50.425,65.749,15052
80,04-07-2025 20:58:33,61,45,114.5,3,2431.512,7000.98,56,105.033,43,0,82,59.919,66.028,87.177,15098
80,04-07-2025 20:58:34,62,45,122.1,4,2431.512,7000.98,56,104.657,43,0,80,51.209,62.369,86.547,15028
80,04-07-2025 20:58:35,62,46,119.9,5,2431.512,7000.98,65,105.96,43,0,75,37.001,52.405,73.47,15027
80,04-07-2025 20:58:36,62,45,117.9,4,2435.262,7000.98,67,106.325,43,0,83,66.095,70.276,92.836,15086
80,04-07-2025 20:58:37,62,46,121.3,5,2440.137,7000.98,56,107.795,43,0,79,35.332,52.695,79.146,15083
80,04-07-2025 20:58:38,62,46,120.1,5,2440.137,7000.98,55,106.915,43,0,78,36.956,54.282,76.153,15090
80,04-07-2025 20:58:39,62,44,106.9,4,2514.512,7000.98,57,91.915,43,0,90,53.632,66.021,92.414,15131
80,04-07-2025 20:58:40,62,40,77,2,2514.199,7000.98,56,104.491,43,0,100,92.412,86.261,124.089,15201
80,04-07-2025 20:58:41,62,40,74.9,2,2514.199,7000.98,64,102.468,43,0,99,88.176,83.433,125.704,15181
80,04-07-2025 20:58:42,62,43,80.3,3,2510.387,7000.98,62,105.294,43,0,95,84.874,81.234,120.338,15185
80,04-07-2025 20:58:43,62,38,71.2,2,2510.387,7000.98,61,97.984,43,0,95,87.39,84.979,120.465,15193
80,04-07-2025 20:58:44,62,43,80.2,3,2510.387,7000.98,54,107.392,43,0,95,77.578,78.663,114.791,15204
80,04-07-2025 20:58:45,63,43,80.2,3,2510.387,7000.98,58,103.126,43,0,98,90.122,81.586,119.591,15223
80,04-07-2025 20:58:46,62,41,74.5,3,2520.809,7000.98,51,96.247,43,0,98,89.787,80.798,116.544,15236
80,04-07-2025 20:58:47,63,40,68.2,3,2520.73,7000.98,60,101.034,43,0,97,88.67,82.168,118.926,15252
80,04-07-2025 20:58:48,63,41,71.4,3,2515.918,7000.98,55,100.041,43,0,98,88.671,80.272,121.249,15264
80,04-07-2025 20:58:49,66,57,74,3,2781.961,7000.98,103,160.592,43,0,91,84.485,77,113.569,15285
80,04-07-2025 20:58:50,67,87,90.1,6,2781.586,7000.98,85,161.419,43,0,81,40.303,55.498,81.568,15285
80,04-07-2025 20:58:51,67,87,88.5,5,2781.586,7000.98,95,156.369,43,0,91,73.046,73.714,103.235,15320
80,04-07-2025 20:58:52,68,87,90.2,5,2781.586,7000.98,98,162.187,43,0,80,46.494,58.879,82.216,15277
80,04-07-2025 20:58:53,69,89,87.5,6,2873.5,7000.98,99,170.518,44,0,80,41.923,53.991,78.23,15297
80,04-07-2025 20:58:54,69,96,89.6,6,2838.148,7000.98,94,170.523,45,0,80,40.755,56.051,78.333,15278
80,04-07-2025 20:58:55,70,96,89.7,6,2838.148,7000.98,87,170.725,46,0,82,39.157,53.852,75.196,15275
80,04-07-2025 20:58:56,70,93,87.5,6,2838.148,7000.98,92,164.716,46,0,78,54.688,62.985,85.541,15314
80,04-07-2025 20:58:57,70,93,89.9,6,2838.148,7000.98,98,164.048,47,0,77,44.517,55.852,78.981,15315
80,04-07-2025 20:58:58,71,96,88.8,6,2838.148,7000.98,98,171.152,47,0,78,43.412,54.272,75.398,15307
80,04-07-2025 20:58:59,71,95,89.8,6,2838.148,7000.98,96,165.93,48,0,80,37.017,52.304,72.088,15301
80,04-07-2025 20:59:00,72,96,87.5,6,2857.969,7000.98,102,172.917,48,0,79,66.347,72.021,98.773,15321
80,04-07-2025 20:59:01,72,94,87.5,5,2857.969,7000.98,99,171.012,49,0,85,55.147,62.023,88.483,15398
80,04-07-2025 20:59:02,72,94,85.9,6,2857.969,7000.98,98,160.702,49,0,95,62.813,70.511,98.008,15385
80,04-07-2025 20:59:03,72,92,79.7,5,2876.531,7000.98,93,166.515,50,0,95,81.996,79.879,121.142,15386
80,04-07-2025 20:59:04,72,84,80.5,4,2898.898,7000.98,98,154.375,50,0,98,71.979,78.607,119.854,15381
80,04-07-2025 20:59:05,73,89,72.2,4,2946.898,7000.98,84,158.764,50,0,94,77.615,80.333,121.933,15397
80,04-07-2025 20:59:06,71,84,61.6,4,2978.898,7000.98,80,143.777,50,0,96,88.732,87.515,125.514,15539
80,04-07-2025 20:59:07,73,74,61.5,3,2994.898,7000.98,87,164.978,50,0,97,80.058,81.557,117.868,15448
80,04-07-2025 20:59:08,72,82,64.7,4,3010.898,7000.98,77,137.472,51,0,97,72.895,73.566,115.961,15463
80,04-07-2025 20:59:09,72,75,56,3,3010.898,7000.98,81,143.561,51,0,97,86.439,82.429,117.475,15471
80,04-07-2025 20:59:10,74,68,72.6,3,3026.898,7000.98,90,164.578,51,0,90,62.945,69.647,108.516,15464
80,04-07-2025 20:59:11,73,90,75.2,5,3026.898,7000.98,85,162.559,51,0,90,55.967,64.219,93.605,15468
80,04-07-2025 20:59:12,74,93,67.5,5,3026.898,7000.98,92,148.1,52,0,83,63.842,70.113,94.5,15470
80,04-07-2025 20:59:13,75,97,74.4,6,3026.898,7000.98,92,165.899,53,0,81,50.301,59.573,79.241,15478
80,04-07-2025 20:59:14,75,97,68.4,7,3013.836,7000.98,100,159.739,53,0,85,64.386,69.577,93.653,15393
80,04-07-2025 20:59:15,76,92,76.3,5,3027.336,7000.98,107,167.37,54,0,81,54.868,64.355,92.145,15393
80,04-07-2025 20:59:16,75,95,74.3,6,3027.336,7000.98,98,171.328,54,0,85,54.704,64.17,90.905,15451
80,04-07-2025 20:59:17,75,95,77.8,6,3027.336,7000.98,80,161.774,54,0,80,46.464,57.151,78.831,15467
80,04-07-2025 20:59:18,76,93,80.9,6,3027.336,7000.98,97,170.307,55,0,87,52.904,62.215,80.653,15346
80,04-07-2025 20:59:19,76,92,80.2,6,3043.336,7000.98,99,162.61,55,0,77,42.284,56.909,72.144,15273
80,04-07-2025 20:59:20,76,92,79.6,6,3023.836,7000.98,99,164.232,55,0,74,43.809,56.843,70.681,15271
80,04-07-2025 20:59:21,77,92,79.9,6,3027.586,7000.98,95,167.432,56,0,84,59.372,62.933,88.513,15365
80,04-07-2025 20:59:22,77,92,78.9,6,3031.336,7000.98,100,163.33,56,0,75,49.027,60.338,80.177,15309
80,04-07-2025 20:59:23,77,92,80,5,3051.781,7000.98,101,162.087,56,0,78,38.94,53.307,61.205,15300
80,04-07-2025 20:59:24,77,92,79.9,6,3052.344,7000.98,101,161.75,57,0,69,42.445,55.58,67.385,15299
80,04-07-2025 20:59:25,77,92,80.2,6,3052.344,7000.98,98,166.385,57,0,75,33.496,48.97,65.293,15285
80,04-07-2025 20:59:26,77,92,79.7,6,3052.344,7000.98,85,166.453,57,0,76,36.542,49.909,65.861,15275
80,04-07-2025 20:59:27,77,93,78.9,6,3048.594,7000.98,96,167.117,57,0,75,41.345,54.19,67.475,15278
80,04-07-2025 20:59:28,78,92,80.1,6,3048.594,7000.98,98,166.563,57,0,74,36.275,50.726,62.589,15273
80,04-07-2025 20:59:29,78,92,79.9,6,3048.594,7000.98,102,165.825,58,0,74,33.998,50.38,66.175,15278
80,04-07-2025 20:59:30,78,92,80.1,6,3048.594,7000.98,102,162.434,58,0,73,38.594,52.979,63.738,15287
80,04-07-2025 20:59:31,79,93,79.8,6,3050.719,7000.98,97,168.916,58,0,71,50.248,61.209,73.471,15276
80,04-07-2025 20:59:32,78,93,79.2,6,3050.719,7000.98,97,164.981,58,0,77,38.25,52.769,67.946,15275
80,04-07-2025 20:59:33,78,92,79.9,5,3050.219,7000.98,96,162.422,59,0,79,51.868,59.644,78.932,15284
80,04-07-2025 20:59:34,79,93,79.7,6,3055.594,7000.98,101,169.284,59,0,75,47.934,59.103,75.136,15252
80,04-07-2025 20:59:35,79,93,79.8,6,3055.594,7000.98,103,166.983,59,0,69,46.356,57.882,70.828,15245
80,04-07-2025 20:59:36,79,92,79.7,6,3059.344,7000.98,98,163.093,59,0,78,52.378,60.489,82.384,15298
80,04-07-2025 20:59:37,79,93,78.8,6,3063.094,7000.98,96,167.518,59,0,79,38.217,52.376,67.023,15294
80,04-07-2025 20:59:38,79,92,80.3,5,3063.969,7000.98,102,167.97,59,0,74,46.25,58.78,68.386,15268
80,04-07-2025 20:59:39,79,93,79.9,6,3050.758,7000.98,99,165.782,60,0,76,34.458,50.375,64.055,15257
80,04-07-2025 20:59:40,79,92,79.6,6,3050.758,7000.98,98,167.266,60,0,72,37.162,51.306,69.614,15250
80,04-07-2025 20:59:41,79,92,79.9,6,3050.758,7000.98,83,163.616,60,0,71,30.845,48.486,62.2,15249
80,04-07-2025 20:59:42,79,93,78.8,6,3046.133,7000.98,102,160.53,60,0,72,37.914,53.413,69.133,15250
80,04-07-2025 20:59:43,79,92,80.1,6,3046.133,7000.98,97,168.38,60,0,72,37.481,50.383,62.616,15249
80,04-07-2025 20:59:44,80,93,79.9,6,3046.133,7000.98,101,166.259,60,0,74,37.726,52.046,65.987,15244
80,04-07-2025 20:59:45,79,93,80.1,6,3046.133,7000.98,100,165.493,60,0,73,33.519,49.237,62.325,15239
80,04-07-2025 20:59:46,80,93,80.2,6,3046.133,7000.98,98,169.032,61,0,73,38.765,52.801,69.679,15231
80,04-07-2025 20:59:47,79,92,78.2,6,3047.008,7000.98,96,166.522,61,0,72,32.694,49.672,62.165,15236
80,04-07-2025 20:59:48,79,92,80.6,5,3047.258,7000.98,99,163.124,61,0,75,34.391,50.61,66.121,15236
80,04-07-2025 20:59:49,80,92,80.2,6,3047.258,7000.98,101,170.153,61,0,76,31.569,48.057,63.556,15228
80,04-07-2025 20:59:50,80,92,79.9,6,3047.258,7000.98,89,170.995,61,0,69,47.586,57.416,71.952,15209
80,04-07-2025 20:59:51,80,93,79.8,6,3047.258,7000.98,98,163.7,61,0,78,55.86,64.219,89.154,15262
80,04-07-2025 20:59:52,80,93,78.6,6,3047.695,7000.98,84,166.245,61,0,74,35.888,49.7,65.832,15217
80,04-07-2025 20:59:53,80,92,80.3,5,3047.258,7000.98,104,168.319,61,0,71,39.239,52.788,65.3,15220
80,04-07-2025 20:59:54,80,93,80.1,6,3043.945,7000.98,99,164.687,61,0,73,38.168,51.271,66.869,15233
80,04-07-2025 20:59:55,80,93,79.9,6,3043.945,7000.98,95,157.53,61,0,75,39.903,54.868,68.267,15215
80,04-07-2025 20:59:56,80,92,79.8,6,3043.945,7000.98,91,166.885,62,0,69,41.543,55.297,67.323,15282
80,04-07-2025 20:59:57,80,92,79.8,6,3050.633,7000.98,100,165.618,62,0,72,43.148,54.222,67.345,15280
80,04-07-2025 20:59:58,80,92,79.2,5,3042.695,7000.98,103,164.041,62,0,78,33.542,50.249,65.028,15280
80,04-07-2025 20:59:59,81,92,79.7,6,3027.383,7000.98,91,169.323,62,0,75,37.316,51.171,68.469,15276
80,04-07-2025 21:00:00,80,92,79.7,6,3027.07,7000.98,102,163.012,62,0,76,45.032,56.914,68.171,15291
80,04-07-2025 21:00:01,80,93,79.8,6,3027.07,7000.98,91,146.782,62,0,84,59.24,66.354,88.865,15323
80,04-07-2025 21:00:02,80,92,79.6,5,3033.07,7000.98,102,164.984,62,0,74,46.233,58.091,70.009,15297
80,04-07-2025 21:00:03,80,92,79.2,5,3027.07,7000.98,106,159.514,62,0,74,36.631,49.419,67.026,15287
80,04-07-2025 21:00:04,81,93,80,6,3027.07,7000.98,92,170.055,62,0,78,34.042,49.075,67.461,15286
80,04-07-2025 21:00:05,79,92,79.3,6,3027.07,7000.98,77,146.659,62,0,79,44.788,55.986,71.911,15281
80,04-07-2025 21:00:06,81,93,79.5,6,3027.07,7000.98,94,161.474,62,0,81,66.197,71.048,93.678,15336
80,04-07-2025 21:00:07,81,93,80.3,5,3033.07,7000.98,101,162.056,62,0,74,44.165,55.778,68.956,15289
80,04-07-2025 21:00:08,81,92,79.2,5,3027.07,7000.98,97,163.085,62,0,74,37.406,51.259,63.826,15288
80,04-07-2025 21:00:09,81,93,79.9,6,3027.07,7000.98,100,156.186,62,0,74,37.098,51.592,60.406,15253
80,04-07-2025 21:00:10,80,94,79.6,6,3047.578,7000.98,88,153.075,62,0,77,34.405,50.362,64.622,15267
80,04-07-2025 21:00:11,81,93,80.2,6,3047.578,7000.98,100,170.278,62,0,74,35.832,50.367,62.114,15258
80,04-07-2025 21:00:12,80,92,79.9,6,3047.578,7000.98,96,159.352,62,0,77,34.161,50.049,62.989,15261
80,04-07-2025 21:00:13,81,93,79.2,5,3050.078,7000.98,100,160.411,62,0,73,39.626,52.001,68.661,15261
80,04-07-2025 21:00:14,81,92,79.7,6,3050.078,7000.98,104,153.632,62,0,76,41.562,54.383,66.141,15262
80,04-07-2025 21:00:15,81,93,80.1,6,3050.078,7000.98,99,158.389,63,0,77,36.417,50.481,64.387,15265
80,04-07-2025 21:00:16,80,92,79.9,6,3050.078,7000.98,95,146.63,63,0,74,37.712,52.171,64.039,15245
80,04-07-2025 21:00:17,80,93,80.2,6,3050.078,7000.98,96,150.744,63,0,74,35.969,51.976,67.291,15253
80,04-07-2025 21:00:18,80,92,79.4,5,3050.078,7000.98,100,155.325,63,0,74,31.749,48.273,62.001,15244
80,04-07-2025 21:00:19,81,92,80.1,6,3050.078,7000.98,89,159.571,63,0,72,36.449,50.278,65.233,15247
80,04-07-2025 21:00:20,80,93,80,6,3050.078,7000.98,84,151.546,63,0,74,34.954,50.573,64.711,15241
80,04-07-2025 21:00:21,81,92,79.2,5,3050.078,7000.98,95,160.287,63,0,81,68.833,72.525,94.612,15314
80,04-07-2025 21:00:22,80,93,80.8,5,3050.078,7000.98,86,145.987,63,0,78,44.391,56.845,74.99,15254
80,04-07-2025 21:00:23,81,94,79.5,5,3050.078,7000.98,93,162.425,63,0,74,36.819,50.262,63.427,15247
80,04-07-2025 21:00:24,81,93,79.9,6,3050.391,7000.98,97,163.294,63,0,74,36.09,52.377,63.361,15249
80,04-07-2025 21:00:25,80,93,80,6,3050.391,7000.98,86,156.633,63,0,75,36.363,50.778,65.578,15245
80,04-07-2025 21:00:26,81,94,79.6,6,3050.391,7000.98,81,164.62,63,0,75,37.489,50.583,64.857,15240
80,04-07-2025 21:00:27,80,92,79.6,6,3050.391,7000.98,91,150.03,63,0,75,38.791,52.528,67.199,15243
80,04-07-2025 21:00:28,81,93,79.4,5,3050.391,7000.98,81,158.957,63,0,79,46.798,57.574,79.551,15301
80,04-07-2025 21:00:29,80,93,79.6,6,3027.57,7000.98,83,154.173,63,0,86,76.041,75.9,102.014,15304
80,04-07-2025 21:00:30,80,93,80,5,3027.57,7000.98,85,154.613,63,0,86,65.196,69.493,98.462,15356
80,04-07-2025 21:00:31,80,94,79.5,6,3027.258,7000.98,96,144.543,63,0,79,41.367,56.461,77.825,15284
80,04-07-2025 21:00:32,81,95,79.9,6,3027.258,7000.98,89,164.124,63,0,76,38.346,52.874,70.221,15280
80,04-07-2025 21:00:33,80,93,79,5,3027.008,7000.98,90,155.556,63,0,82,47.515,58.365,81.472,15307
80,04-07-2025 21:00:34,80,93,80.1,6,3027.258,7000.98,88,166.899,63,0,77,44.803,55.179,73.997,15296
80,04-07-2025 21:00:35,80,95,79.5,6,3027.258,7000.98,92,151.586,63,0,78,41.632,55.397,72.48,15325
80,04-07-2025 21:00:36,81,93,80.2,6,3027.258,7000.98,94,158.547,63,0,80,57.928,64.042,89.844,15349
80,04-07-2025 21:00:37,80,94,79.8,6,3027.258,7000.98,82,152.908,63,0,76,43.318,55.417,70.852,15346
80,04-07-2025 21:00:38,81,93,78.9,5,3027.258,7000.98,97,151.796,63,0,82,46.423,56.785,72.923,15340
80,04-07-2025 21:00:39,81,93,79.7,6,3027.258,7000.98,99,164.042,63,0,73,43.841,55.183,71.619,15321
80,04-07-2025 21:00:40,81,93,79.6,6,3027.258,7000.98,100,157.879,63,0,75,34.815,50.484,64.864,15314
80,04-07-2025 21:00:41,81,92,80.1,6,3027.258,7000.98,100,139.051,63,0,78,36.819,51.981,67.482,15313
80,04-07-2025 21:00:42,80,94,79.9,6,3027.258,7000.98,83,168.073,63,0,74,32.803,48.748,65.914,15313
80,04-07-2025 21:00:43,81,92,79.1,5,3027.008,7000.98,102,162.737,63,0,76,35.305,50.515,67.578,15307
80,04-07-2025 21:00:44,81,92,79.9,5,3027.258,7000.98,98,161.837,63,0,78,36.485,49.619,63.941,15316
80,04-07-2025 21:00:45,80,92,79.7,5,3027.258,7000.98,91,150.996,63,0,69,38.542,52.965,65.172,15325
80,04-07-2025 21:00:46,81,92,79.7,6,3027.258,7000.98,100,164.494,63,0,74,32.314,48.557,62.797,15312
80,04-07-2025 21:00:47,81,93,80.1,6,3027.258,7000.98,98,159.328,63,0,78,41.219,53.778,69.653,15309
80,04-07-2025 21:00:48,81,91,79.9,5,3027.258,7000.98,84,156.385,63,0,74,34.102,49.294,68.022,15307
80,04-07-2025 21:00:49,80,93,80.1,6,3027.258,7000.98,89,136.959,63,0,70,37.127,49.395,66.137,15300
80,04-07-2025 21:00:50,81,92,79.9,6,3027.258,7000.98,84,162.032,63,0,76,39.137,53.091,68.165,15308
80,04-07-2025 21:00:51,80,94,79.8,6,3027.258,7000.98,82,166.494,63,0,80,58.033,63.873,87.527,15391
80,04-07-2025 21:00:52,81,92,80.2,5,3027.258,7000.98,91,165.326,63,0,77,39.256,52.403,70.513,15314
80,04-07-2025 21:00:53,81,91,78.9,5,3027.008,7000.98,96,163.711,63,0,73,32.4,49.09,66.699,15312
80,04-07-2025 21:00:54,81,91,79.7,5,3027.508,7000.98,95,157.307,63,0,76,38.627,52.982,68.304,15310
80,04-07-2025 21:00:55,80,93,79.9,6,3027.508,7000.98,74,139.722,63,0,77,37.508,50.356,69.201,15317
80,04-07-2025 21:00:56,81,93,80.1,5,3027.508,7000.98,84,158.083,63,0,74,47.408,59.063,76.477,15369
80,04-07-2025 21:00:57,80,91,79.7,5,3027.508,7000.98,73,136.389,63,0,77,43.544,54.411,71.977,15373
80,04-07-2025 21:00:58,81,92,79,5,3027.508,7000.98,90,153.787,63,0,77,32.297,48.274,65.882,15375
80,04-07-2025 21:00:59,81,93,79.9,6,3027.508,7000.98,80,165.056,63,0,75,37.37,52.369,68.268,15374
80,04-07-2025 21:01:00,79,88,72.7,4,3059.508,7000.98,78,139.379,63,0,91,85.805,84.838,112.764,15399
80,04-07-2025 21:01:01,80,67,54.2,3,3123.258,7000.98,96,146.961,63,0,92,96.998,95.528,128.466,15456
80,04-07-2025 21:01:02,81,89,71.5,4,3123.258,7000.98,94,157.579,63,0,89,77.987,78.269,105.508,15471
80,04-07-2025 21:01:03,81,88,69.8,4,3134.883,7000.98,91,154.911,63,0,87,80.201,82.879,113.543,15395
80,04-07-2025 21:01:04,80,96,78.6,6,3137.508,7000.98,85,145.523,63,0,83,50.923,62.439,90.559,15385
80,04-07-2025 21:01:05,81,96,79,7,3137.508,7000.98,89,155.277,63,0,86,52.988,63.003,90.686,15392
80,04-07-2025 21:01:06,81,92,74.1,5,3137.383,7000.98,95,156.504,63,0,89,75.847,76.242,104.999,15466
80,04-07-2025 21:01:07,81,96,79.5,6,3137.383,7000.98,85,153.805,63,0,84,47.452,59.094,90.923,15473
80,04-07-2025 21:01:08,81,97,75.8,6,3169.133,7000.98,91,149.093,63,0,77,44.553,55.614,76.395,15447
80,04-07-2025 21:01:09,80,95,80,6,3159.461,7000.98,96,137.199,63,0,81,38.463,52.803,70.828,15368
80,04-07-2025 21:01:10,81,89,76.6,5,3159.461,7000.98,91,165.554,64,0,88,60.955,67.118,95.123,15361
80,04-07-2025 21:01:11,81,93,77.8,6,3207.422,7000.98,97,160.476,64,0,92,57.809,64.848,89.342,15363
80,04-07-2025 21:01:12,81,93,74.3,6,3207.422,7000.98,95,150.283,64,0,83,60.292,68.241,96.036,15357
80,04-07-2025 21:01:13,81,90,79.4,5,3205.359,7000.98,97,157.837,64,0,91,42.098,54.783,78.542,15365
80,04-07-2025 21:01:14,80,91,79.7,6,3235.297,7000.98,68,153.871,64,0,92,76.494,76.066,112.519,15335
80,04-07-2025 21:01:15,81,91,84,5,3235.297,7000.98,98,167.581,64,0,85,48.008,58.448,72.865,15349
80,04-07-2025 21:01:16,81,94,87.2,6,3235.297,7000.98,89,153.707,64,0,78,43.482,56.024,73.021,15329
80,04-07-2025 21:01:17,80,94,87.5,6,3235.609,7000.98,82,131.227,64,0,75,39.193,51.363,71.846,15344
80,04-07-2025 21:01:18,81,93,90.6,5,3235.297,7000.98,92,165.424,64,0,76,53.676,59.384,80.509,15353
80,04-07-2025 21:01:19,81,87,89.6,5,3196.305,7000.98,89,153.461,64,0,76,48.033,56.429,75.562,15305
80,04-07-2025 21:01:20,81,90,89.6,5,3196.305,7000.98,81,160.737,64,0,79,37.201,48.928,66.019,15294
80,04-07-2025 21:01:21,81,90,89.8,5,3196.305,7000.98,79,152.924,64,0,81,45.118,53.618,75.369,15320
80,04-07-2025 21:01:22,81,86,89.7,5,3196.742,7000.98,85,162.159,64,0,72,31.418,43.212,51.506,15261
80,04-07-2025 21:01:23,81,85,89.4,4,3207.742,7000.98,84,162.66,64,0,92,65.482,68.076,98.028,15320
80,04-07-2025 21:01:24,81,92,88,6,3288.305,7000.98,96,163.356,64,0,96,69.488,76.933,116.326,15320
80,04-07-2025 21:01:25,81,94,85.5,6,3304.305,7000.98,89,170.082,64,0,95,71.079,74.037,111.418,15318
80,04-07-2025 21:01:26,80,92,85.9,5,3320.305,7000.98,84,140.902,64,0,87,56.556,64.423,96.29,15301
80,04-07-2025 21:01:27,82,92,88.5,6,3326.93,7000.98,96,169.91,64,0,79,45.408,56.066,80.01,15293
80,04-07-2025 21:01:28,81,93,84.2,5,3320.305,7000.98,103,164.663,64,0,85,44.523,56.95,80.885,15311
80,04-07-2025 21:01:29,81,94,78.7,6,3320.305,7000.98,81,164.84,64,0,89,46.455,54.175,69.779,15307
80,04-07-2025 21:01:30,81,93,78.4,5,3336.305,7000.98,89,156.169,64,0,87,69.095,72.115,108.21,15306
80,04-07-2025 21:01:31,81,95,74.5,5,3335.992,7000.98,93,155.268,64,0,87,53.711,62.473,96.634,15299
80,04-07-2025 21:01:32,80,98,77.7,6,3341.992,7000.98,70,163.066,64,0,94,47.909,57.946,82.692,15279
80,04-07-2025 21:01:33,81,90,70.7,5,3335.742,7000.98,84,165.193,64,0,95,75.863,74.625,108.739,15376
80,04-07-2025 21:01:34,81,93,73.5,4,3335.992,7000.98,96,155.367,64,0,97,77.759,78.441,114.097,15287
80,04-07-2025 21:01:35,81,90,77.8,4,3335.992,7000.98,92,155.721,64,0,83,73.637,74.366,110.359,15290
80,04-07-2025 21:01:36,81,92,76.3,5,3351.992,7000.98,102,158.729,64,0,91,70.204,73.793,101.642,15340
80,04-07-2025 21:01:37,80,97,73.8,5,3367.992,7000.98,84,140.458,64,0,91,45.3,55.917,81.82,15313
80,04-07-2025 21:01:38,81,96,71.3,5,3368.117,7000.98,89,153.387,64,0,94,82.816,80.931,119.691,15313
80,04-07-2025 21:01:39,81,96,82.3,5,3367.867,7000.98,87,166.309,64,0,81,45.346,58.782,81.177,15288
80,04-07-2025 21:01:40,81,94,88,6,3367.867,7000.98,85,160.083,64,0,81,39.815,52.553,75.117,15279
80,04-07-2025 21:01:41,81,95,84.4,6,3367.867,7000.98,98,142.078,64,0,79,37.612,49.945,70.49,15296
80,04-07-2025 21:01:42,81,93,80.6,5,3367.867,7000.98,76,163.728,64,0,83,64.761,71.672,104.035,15317
80,04-07-2025 21:01:43,81,94,74.2,5,3367.805,7000.98,82,144.394,64,0,81,36.879,48.437,68.307,15279
80,04-07-2025 21:01:44,81,97,79.9,6,3367.93,7000.98,103,170.647,64,0,79,38.151,48.957,68.422,15274
80,04-07-2025 21:01:45,80,94,79.5,6,3367.93,7000.98,82,150.798,64,0,91,52.941,61.251,84.453,15302
80,04-07-2025 21:01:46,81,81,64.2,4,3367.93,7000.98,87,163.901,64,0,94,80.614,75.699,116.064,15365
80,04-07-2025 21:01:47,81,84,88.4,4,3367.93,7000.98,99,158.352,64,0,79,42.841,55.047,84.262,15349
80,04-07-2025 21:01:48,81,87,95.2,5,3390.734,7000.98,101,159.924,64,0,73,34.781,44.337,66.661,15290
80,04-07-2025 21:01:49,80,83,99.9,4,3390.734,7000.98,60,144.578,64,0,77,25.198,37.152,53.886,15236
80,04-07-2025 21:01:50,80,84,97.9,4,3390.734,7000.98,81,135.286,64,0,71,22.724,35,49.396,15232
80,04-07-2025 21:01:51,79,83,97.9,4,3390.734,7000.98,78,132.298,64,0,75,49.315,52.616,72.544,15254
80,04-07-2025 21:01:52,81,81,97.5,4,3390.734,7000.98,78,166.407,64,0,70,24.762,34.98,47.053,15208
80,04-07-2025 21:01:53,80,83,100.9,4,3390.734,7000.98,84,136.295,64,0,67,20.104,32.554,40.542,15209
80,04-07-2025 21:01:54,82,84,100.8,4,3390.922,7000.98,103,161.032,64,0,73,21.534,33.565,39.169,15187
80,04-07-2025 21:01:55,79,84,97.9,4,3391.047,7000.98,62,127.401,64,0,67,21.139,31.32,43.425,15193
80,04-07-2025 21:01:56,79,81,100.1,3,3391.047,7000.98,75,127.403,64,0,66,28.638,38.274,49.326,15260
80,04-07-2025 21:01:57,80,85,101.2,4,3400.672,7000.98,104,142.57,64,0,66,26.238,35.692,44.887,15256
80,04-07-2025 21:01:58,80,84,98.8,4,3400.547,7000.98,60,145.792,64,0,68,30.26,37.79,47.753,15273
80,04-07-2025 21:01:59,81,84,101.4,3,3387.477,7000.98,100,160.666,64,0,69,22.1,37.353,53.175,15251
80,04-07-2025 21:02:00,80,84,99,4,3387.477,7000.98,87,131.712,64,0,74,37.247,46.044,63.13,15282
80,04-07-2025 21:02:01,79,81,99.1,3,3387.164,7000.98,80,120.622,64,0,83,42.758,49.971,69.547,15370
80,04-07-2025 21:02:02,79,86,101.9,4,3387.164,7000.98,37,163.058,64,0,78,32.56,42.938,65.943,15298
80,04-07-2025 21:02:03,79,47,58.6,2,3387.164,7000.98,85,143.875,64,0,75,42.257,51.513,74.882,15329
80,04-07-2025 21:02:04,79,87,104.1,4,3387.164,7000.98,61,137.581,64,0,71,21.639,35.536,47.542,15330
80,04-07-2025 21:02:05,81,83,99.9,3,3387.164,7000.98,93,160.263,64,0,77,23.433,37.049,51.686,15334
80,04-07-2025 21:02:06,81,84,98.8,4,3387.164,7000.98,76,162.023,64,0,79,51.123,52.56,70.027,15385
80,04-07-2025 21:02:07,80,84,100.3,4,3387.164,7000.98,74,145.78,64,0,76,38.262,43.831,63.202,15317
80,04-07-2025 21:02:08,80,83,102.1,4,3387.039,7000.98,94,167.535,64,0,70,22.345,35.716,51.911,15317
80,04-07-2025 21:02:09,81,86,102.1,4,3371.539,7000.98,102,163.235,64,0,74,19.224,33.36,48.789,15313
80,04-07-2025 21:02:10,80,83,99.9,3,3371.539,7000.98,97,157.95,64,0,69,22.259,34.794,49.917,15308
80,04-07-2025 21:02:11,79,85,100.1,4,3371.539,7000.98,65,140.804,64,0,69,21.417,34.3,50.03,15304
80,04-07-2025 21:02:12,81,86,105.1,4,3371.539,7000.98,74,158.35,64,0,74,22.64,36.381,50.815,15309
80,04-07-2025 21:02:13,81,83,97.9,4,3371.539,7000.98,74,155.869,64,0,70,22.446,35.656,53.275,15310
80,04-07-2025 21:02:14,81,85,101.2,4,3371.539,7000.98,100,157.908,64,0,75,40.724,46.67,63.339,15292
80,04-07-2025 21:02:15,81,83,99.1,4,3371.539,7000.98,75,162.359,64,0,72,20.982,35.237,51.853,15282
80,04-07-2025 21:02:16,80,84,97.9,4,3371.539,7000.98,100,131.956,64,0,71,38.455,42.723,60.527,15209
80,04-07-2025 21:02:17,81,83,100.9,4,3371.539,7000.98,68,156.949,64,0,79,33.758,45.577,64.885,15113
80,04-07-2025 21:02:18,81,85,103.1,4,3371.539,7000.98,97,156.53,64,0,81,73.162,70.184,98.121,14682
80,04-07-2025 21:02:19,81,85,99,3,3371.539,7000.98,75,152.26,64,0,71,20.985,34.253,46.802,14660
80,04-07-2025 21:02:20,79,84,99.9,3,3371.539,7000.98,59,134.893,64,0,70,27.608,37.783,53.108,14658
80,04-07-2025 21:02:21,80,86,101.5,4,3371.539,7000.98,97,145.514,64,0,75,53.947,55.533,76.89,14710
80,04-07-2025 21:02:22,79,84,102.1,4,3371.539,7000.98,74,148.157,64,0,76,27.322,38.136,55.79,14678
80,04-07-2025 21:02:23,80,86,103.9,4,3371.539,7000.98,62,161.577,64,0,73,24.873,37.909,52.648,14670
80,04-07-2025 21:02:24,81,84,98.3,4,3371.539,7000.98,96,155.593,64,0,72,27.03,40.012,56.227,14696
80,04-07-2025 21:02:25,81,80,95.9,4,3371.852,7000.98,101,162.174,64,0,72,27.002,39.551,55.5,14710
80,04-07-2025 21:02:26,81,82,96.1,4,3371.852,7000.98,104,164.008,64,0,76,35.942,44.9,63.689,14730
80,04-07-2025 21:02:27,81,84,99.1,4,3371.852,7000.98,96,156.835,64,0,73,37.269,47.152,65.028,14735
80,04-07-2025 21:02:28,81,83,98.2,4,3371.852,7000.98,98,136.697,64,0,73,29.745,40.007,56.153,14735
80,04-07-2025 21:02:29,79,83,97.9,4,3371.852,7000.98,61,136.174,64,0,71,22.293,34.874,49.762,14728
80,04-07-2025 21:02:30,80,84,100.2,4,3371.852,7000.98,96,136.53,64,0,74,23.763,36.884,51.71,14728
80,04-07-2025 21:02:31,81,83,97.2,4,3371.852,7000.98,102,159.891,64,0,73,26.154,37.957,55.331,14727
80,04-07-2025 21:02:32,80,85,102.1,4,3371.852,7000.98,83,163.548,64,0,74,40.819,43.327,61.251,14734
80,04-07-2025 21:02:33,79,84,99.9,4,3371.852,7000.98,79,120.489,64,0,74,30.317,42.302,60.771,14815
80,04-07-2025 21:02:34,81,84,101.2,4,3371.852,7000.98,85,164.038,64,0,73,52.992,55.206,75.305,14691
80,04-07-2025 21:02:35,79,83,97.8,4,3371.852,7000.98,83,120.979,64,0,72,30.009,40.716,58.868,14695
80,04-07-2025 21:02:36,80,83,100.1,4,3371.852,7000.98,70,149.273,64,0,75,39.54,46.696,65.072,14741
80,04-07-2025 21:02:37,80,86,101.1,4,3372.102,7000.98,62,148.914,64,0,78,59.717,63.78,83.247,14828
80,04-07-2025 21:02:38,81,83,98.2,4,3372.102,7000.98,95,129.161,64,0,75,22.394,37.166,54.98,14839
80,04-07-2025 21:02:39,81,83,98.9,4,3372.102,7000.98,92,164.042,64,0,68,21.682,36.183,50.214,14825
80,04-07-2025 21:02:40,81,82,96.9,4,3372.102,7000.98,78,153.282,64,0,72,20.631,34.696,49.848,14832
80,04-07-2025 21:02:41,81,83,97.3,4,3372.102,7000.98,91,137.741,64,0,73,24.972,37.824,53.588,14843
80,04-07-2025 21:02:42,80,82,97.9,4,3372.164,7000.98,87,161.508,64,0,71,22.431,36.798,52.082,14830
80,04-07-2025 21:02:43,81,84,100.2,4,3372.164,7000.98,100,163.099,64,0,73,23.71,37.124,52.116,14830
80,04-07-2025 21:02:44,79,83,98.8,4,3372.914,7000.98,59,120.336,64,0,72,18.023,33.503,45.405,14824
80,04-07-2025 21:02:45,79,82,96.4,4,3372.914,7000.98,65,124.45,64,0,70,21.909,33.983,47.456,14829
80,04-07-2025 21:02:46,80,82,97.1,4,3372.914,7000.98,78,141.414,64,0,67,17.301,33.07,45.281,14821
80,04-07-2025 21:02:47,80,83,98.9,4,3372.914,7000.98,106,142.83,64,0,69,22.883,36.149,50.023,14817
80,04-07-2025 21:02:48,81,83,98.1,4,3372.914,7000.98,103,143.701,64,0,73,22.257,34.636,46.172,14815
80,04-07-2025 21:02:49,81,83,98.1,4,3398.609,7000.98,73,156.17,64,0,73,37.201,49.054,67.085,14832
80,04-07-2025 21:02:50,82,83,98.1,4,3398.734,7000.98,101,159.396,64,0,77,24.885,38.649,53.661,14822
80,04-07-2025 21:02:51,79,83,98.8,4,3398.734,7000.98,79,119.068,64,0,72,51.047,53.188,72.412,14847
80,04-07-2025 21:02:52,80,83,102.2,4,3399.859,7000.98,96,135.253,64,0,71,25.178,36.925,56.233,14839
80,04-07-2025 21:02:53,80,85,100.9,4,3399.859,7000.98,73,136.297,64,0,72,24.493,37.622,53.489,14847
80,04-07-2025 21:02:54,80,85,101.4,4,3399.859,7000.98,105,155.84,64,0,80,20.278,34.252,48.396,14847
80,04-07-2025 21:02:55,81,85,99.9,4,3399.922,7000.98,77,161.237,64,0,70,24.097,37.003,52.462,14844
80,04-07-2025 21:02:56,81,84,101.9,4,3399.922,7000.98,74,160.987,64,0,74,40.192,49.324,69.174,14893
80,04-07-2025 21:02:57,80,86,99.8,4,3399.922,7000.98,64,160.848,64,0,73,38.029,46.056,63.831,14889
80,04-07-2025 21:02:58,80,84,102,4,3399.922,7000.98,59,159.665,64,0,78,50.787,52.944,73.144,14879
80,04-07-2025 21:02:59,80,85,103.4,4,3400.422,7000.98,68,143.005,64,0,74,24.805,38.304,57.652,14863
80,04-07-2025 21:03:00,79,87,96.9,4,3399.797,7000.98,67,124.312,64,0,73,27.475,38.129,50.825,14881
80,04-07-2025 21:03:01,79,82,101.8,3,3400.297,7000.98,60,123.368,64,0,78,44.504,49.107,69.015,14904
80,04-07-2025 21:03:02,81,85,99.4,4,3399.797,7000.98,90,147.154,64,0,73,24.368,37.813,55.619,14890
80,04-07-2025 21:03:03,80,83,97.6,4,3400.297,7000.98,69,140.617,65,0,72,31.307,42.312,61.127,14890
80,04-07-2025 21:03:04,80,83,100.6,4,3400.297,7000.98,72,147.157,65,0,71,25.04,37.192,51.766,14869
80,04-07-2025 21:03:05,80,84,94.9,4,3399.797,7000.98,72,124.91,65,0,73,24.389,37.725,53.352,14870
80,04-07-2025 21:03:06,81,81,96.5,4,3400.297,7000.98,105,157.301,65,0,81,50.772,54.741,77.269,14920
80,04-07-2025 21:03:07,80,82,93.2,4,3400.297,7000.98,75,153.856,65,0,73,24.561,38.08,51.979,14882
80,04-07-2025 21:03:08,80,81,98.9,4,3400.297,7000.98,74,135.801,65,0,73,24.362,39.092,53.28,14872
80,04-07-2025 21:03:09,80,84,95.2,4,3400.297,7000.98,84,129.529,65,0,72,19.27,33.958,48.069,14865
80,04-07-2025 21:03:10,82,81,96.9,4,3400.297,7000.98,103,163.877,65,0,72,23.509,36.651,46.826,14855
80,04-07-2025 21:03:11,81,81,96.1,4,3400.297,7000.98,89,158.034,65,0,74,19.768,34.742,46.629,14851
80,04-07-2025 21:03:12,81,82,98.1,4,3400.297,7000.98,91,158.05,65,0,70,20.498,35.027,47.491,14844
80,04-07-2025 21:03:13,81,83,96.9,4,3406.922,7000.98,105,163.879,65,0,70,21.16,34.451,47.302,14830
80,04-07-2025 21:03:14,80,84,98.9,4,3400.297,7000.98,88,122.431,65,0,71,31.458,40.804,54.58,14807
80,04-07-2025 21:03:15,81,85,98.2,4,3400.297,7000.98,108,158.183,65,0,71,21.268,34.692,49.282,14817
80,04-07-2025 21:03:16,80,83,102.7,4,3400.297,7000.98,84,153.73,65,0,76,46.831,53.269,70.576,14847
80,04-07-2025 21:03:17,81,97,95.1,6,3399.922,7000.98,82,164.288,65,0,76,51.271,53.493,73.291,14829
80,04-07-2025 21:03:18,79,83,101.7,4,3400.422,7000.98,62,126.762,65,0,76,24.127,35.924,54.99,14833
80,04-07-2025 21:03:19,81,83,101.2,4,3406.422,7000.98,67,151.707,65,0,71,36.38,43.457,59.789,14814
80,04-07-2025 21:03:20,81,83,99.4,3,3399.922,7000.98,104,151.313,65,0,74,23.519,35.285,47.133,14809
80,04-07-2025 21:03:21,80,85,97.9,4,3400.422,7000.98,79,160.44,65,0,74,44.346,49.961,70.536,14839
80,04-07-2025 21:03:22,76,83,58.9,4,3424.797,7000.98,55,65.257,65,0,82,45.159,48.465,69.234,14864
80,04-07-2025 21:03:23,75,24,31.8,1,2894.172,7000.98,37,96.745,65,0,85,58.338,59.033,82.308,14601
80,04-07-2025 21:03:24,75,31,83.2,2,3034.867,7000.98,57,76.957,65,0,77,61.255,66.609,98.705,14544
80,04-07-2025 21:03:25,76,41,120.8,2,2931.652,7000.98,56,107.216,65,0,69,21.801,28.383,42.327,14400
80,04-07-2025 21:03:26,76,49,119.4,2,2906.34,7000.98,64,106.35,65,0,72,16.938,22.077,36.227,14331
80,04-07-2025 21:03:27,76,49,119.5,2,2906.34,7000.98,65,106.849,64,0,68,38.952,34.873,51.938,14326
80,04-07-2025 21:03:28,76,49,119.4,2,2906.34,7000.98,63,106.477,64,0,65,15.582,24.408,36.68,14233
80,04-07-2025 21:03:29,75,50,120.6,2,2905.84,7000.98,56,106.197,64,0,68,15.89,22.409,32.763,14230
80,04-07-2025 21:03:30,75,50,119.7,2,2906.34,7000.98,56,106.953,64,0,68,16.792,23.357,37.365,14229
80,04-07-2025 21:03:31,75,50,120.5,2,2905.84,7000.98,65,106.663,64,0,65,17.688,25.144,36.178,14222
80,04-07-2025 21:03:32,75,50,120.5,2,2906.34,7000.98,64,106.207,64,0,67,25.654,31.612,45.186,14197
80,04-07-2025 21:03:33,75,50,119.4,2,2905.84,7000.98,58,106.236,64,0,70,16.795,23.258,36.447,14211
80,04-07-2025 21:03:34,74,44,99.6,2,2856.34,7000.98,54,104.39,64,0,91,80.082,77.05,104.414,14248
80,04-07-2025 21:03:35,74,45,104.5,2,2858.34,7000.98,62,104.662,64,0,68,32.069,33.077,52.409,14238
80,04-07-2025 21:03:36,74,42,76.9,2,2883.215,7000.98,66,107.133,64,0,65,35.168,36.341,50.758,14314
80,04-07-2025 21:03:37,74,37,118.7,2,2883.82,7000.98,62,107.466,64,0,73,21.037,31.195,46.922,14305
80,04-07-2025 21:03:38,74,50,120.5,2,2878.133,7000.98,56,106.153,64,0,77,24.2,36.906,55.714,14323
80,04-07-2025 21:03:39,71,45,66.4,2,2908.133,7000.98,36,64.154,64,0,90,37.757,45.571,65.219,14553
80,04-07-2025 21:03:40,72,28,67.4,2,2921.133,7000.98,64,83.577,64,0,93,82.926,81.001,116.502,14684
80,04-07-2025 21:03:41,73,35,98.9,2,2948.945,7000.98,58,105.41,64,0,96,80.238,72.28,113.252,14570
80,04-07-2025 21:03:42,73,39,119.9,2,2948.82,7000.98,55,104.505,64,0,97,60.521,64.969,103.506,14560
80,04-07-2025 21:03:43,73,45,120.6,2,2948.82,7000.98,55,103.956,64,0,95,68.731,67.261,104.974,14569
80,04-07-2025 21:03:44,73,45,119.9,2,2949.32,7000.98,63,103.749,64,0,95,84.307,69.802,109.276,14579
80,04-07-2025 21:03:45,73,44,120.6,2,2949.008,7000.98,65,105.072,64,0,97,89.356,79.566,115.737,14589
80,04-07-2025 21:03:46,72,46,120.5,2,2948.258,7000.98,63,105.179,64,0,96,69.96,65.92,101.161,14549
80,04-07-2025 21:03:47,72,47,119.9,2,2935.008,7000.98,55,104.716,64,0,98,73.816,71.159,104.062,14538
80,04-07-2025 21:03:48,72,47,120.6,2,2935.008,7000.98,56,104.33,64,0,96,74.759,67.178,105.018,14540
80,04-07-2025 21:03:49,72,47,119.9,2,2935.008,7000.98,64,104.418,64,0,97,75.26,69.485,103.825,14547
80,04-07-2025 21:03:50,72,47,119.9,2,2935.008,7000.98,64,104.642,63,0,97,77.901,68.521,106.846,14563
80,04-07-2025 21:03:51,72,47,119.8,2,2935.008,7000.98,58,104.292,63,0,97,89,88.623,113.48,14663
80,04-07-2025 21:03:52,72,47,120.7,2,2938.758,7000.98,56,104.015,63,0,98,79.839,73.257,101.222,14614
80,04-07-2025 21:03:53,72,47,120.5,2,2942.508,7000.98,58,104.326,63,0,98,78.259,67.617,102.855,14630
80,04-07-2025 21:03:54,69,42,108.8,2,3006.508,7000.98,35,62.541,63,0,86,31.777,37.155,64.193,14657
80,04-07-2025 21:03:55,73,4,22.3,0,2825.445,7000.98,99,141.156,63,0,92,26.665,38.737,64.252,14766
80,04-07-2025 21:03:56,75,59,89.7,3,2825.445,7000.98,82,156.217,63,0,89,60.273,67.325,102.407,14821
80,04-07-2025 21:03:57,75,78,88.7,4,2825.445,7000.98,88,162.199,63,0,95,63.103,70.382,110.215,14870
80,04-07-2025 21:03:58,76,85,88.7,5,2822.945,7000.98,82,162.433,63,0,96,78.612,76.997,116.29,14917
80,04-07-2025 21:03:59,76,85,82.4,4,2886.445,7000.98,95,168.718,63,0,90,60.668,71.935,110.318,14909
80,04-07-2025 21:04:00,77,88,83.2,5,2918.945,7000.98,81,168.783,63,0,95,69.171,75.506,110.548,14915
80,04-07-2025 21:04:01,76,82,65.9,4,2998.945,7000.98,79,148.111,63,0,98,86.333,84.21,116.738,14949
80,04-07-2025 21:04:02,76,76,64.6,3,3062.945,7000.98,68,151.876,63,0,97,81.106,80.316,113.139,14938
80,04-07-2025 21:04:03,77,78,60.5,3,3078.945,7000.98,96,162.806,63,0,93,75.368,78.557,110.813,14923
80,04-07-2025 21:04:04,77,84,69.5,4,3110.445,7000.98,96,145.039,63,0,97,70.021,74.14,111.426,15010
80,04-07-2025 21:04:05,77,75,68.9,4,3110.945,7000.98,77,148.691,63,0,96,63.805,72.112,110.656,14997
80,04-07-2025 21:04:06,76,80,62.7,4,3126.945,7000.98,69,124.999,63,0,97,88.067,89.164,116.981,15044
80,04-07-2025 21:04:07,77,66,72.9,3,3142.945,7000.98,99,163.847,63,0,93,88.089,85.881,111.628,14953
80,04-07-2025 21:04:08,78,94,74.3,5,3142.945,7000.98,86,163.033,63,0,93,64.854,69.239,103.169,14919
80,04-07-2025 21:04:09,78,93,80,5,3158.945,7000.98,98,163.235,63,0,80,52.293,63.4,96.499,14901
80,04-07-2025 21:04:10,78,91,85.6,5,3158.945,7000.98,101,166.393,63,0,80,41.838,55.758,81.677,14902
80,04-07-2025 21:04:11,78,92,84.1,6,3154.633,7000.98,90,166.407,63,0,85,45.614,57.871,86.515,14905
80,04-07-2025 21:04:12,79,93,81,6,3154.133,7000.98,96,161.863,63,0,79,40.77,50.134,66.75,14906
80,04-07-2025 21:04:13,79,92,88.9,6,3154.633,7000.98,84,164.582,63,0,79,39.668,52.329,71.734,14896
80,04-07-2025 21:04:14,78,90,85.2,6,3154.633,7000.98,73,141.13,63,0,91,47.704,58.983,81.315,14913
80,04-07-2025 21:04:15,79,83,88.7,4,3154.633,7000.98,88,164.785,63,0,92,54.412,62.919,87.653,14921
80,04-07-2025 21:04:16,79,85,75.9,4,3152.883,7000.98,101,157.657,63,0,89,81.017,78.347,117.251,14898
80,04-07-2025 21:04:17,80,80,73.2,4,3169.383,7000.98,98,166.803,63,0,91,66.909,72.734,112.945,14946
80,04-07-2025 21:04:18,80,89,83.1,5,3169.383,7000.98,101,162.212,63,0,85,41.85,58.886,90.365,14937
80,04-07-2025 21:04:19,80,92,80.9,6,3169.383,7000.98,86,165.423,63,0,86,41.795,59.005,84.409,14861
80,04-07-2025 21:04:20,80,92,82.4,5,3169.383,7000.98,101,168.399,63,0,90,62.592,71.394,102.18,14925
80,04-07-2025 21:04:21,80,88,79.7,5,3169.383,7000.98,82,165.561,63,0,91,67.78,72.779,106.882,14983
80,04-07-2025 21:04:22,80,79,64.5,4,3185.383,7000.98,100,164.455,63,0,91,80.39,79.783,116.153,14968
80,04-07-2025 21:04:23,80,95,77.7,6,3185.383,7000.98,98,173.657,63,0,86,50.56,62.838,88.179,14950
80,04-07-2025 21:04:24,80,96,80.8,7,3185.383,7000.98,85,172.189,63,0,82,42.95,56.204,80.15,14974
80,04-07-2025 21:04:25,80,99,80.9,8,3185.383,7000.98,95,161.203,63,0,83,45.85,57.74,87.394,14959
80,04-07-2025 21:04:26,80,99,78.3,7,3196.324,7000.98,94,168.841,63,0,89,54.764,64.021,90.284,14968
80,04-07-2025 21:04:27,81,95,74.1,6,3206.883,7000.98,84,168.404,63,0,86,67.029,74.705,98.434,14972
80,04-07-2025 21:04:28,80,87,74.4,4,3206.883,7000.98,89,161.844,63,0,83,55.047,64.246,86.708,14971
80,04-07-2025 21:04:29,80,93,75.5,6,3206.883,7000.98,98,160.458,63,0,90,44.504,57.624,81.62,14970
80,04-07-2025 21:04:30,80,90,74.9,5,3204.664,7000.98,84,163.275,63,0,84,56.552,61.609,91.75,15007
80,04-07-2025 21:04:31,80,88,80.1,6,3204.227,7000.98,80,157.979,63,0,80,44.901,56.859,83.494,15010
80,04-07-2025 21:04:32,80,93,79.8,6,3197.164,7000.98,90,156.488,63,0,82,47.904,58.042,81.456,15133
80,04-07-2025 21:04:33,81,94,80,6,3186.664,7000.98,102,165.541,63,0,88,60.676,69.08,96.68,15126
80,04-07-2025 21:04:34,81,89,72.4,4,3186.602,7000.98,99,156.054,63,0,91,88.556,86.67,114.31,15096
80,04-07-2025 21:04:35,81,94,80.7,5,3182.602,7000.98,105,164.664,63,0,90,69.819,71.18,101.952,15128
80,04-07-2025 21:04:36,80,88,70.2,5,3182.602,7000.98,81,156.879,63,0,89,82.731,81.411,111.654,14665
80,04-07-2025 21:04:37,81,90,79.6,5,3182.602,7000.98,91,163.733,63,0,84,49.928,62.988,89.555,14411
80,04-07-2025 21:04:38,81,95,79.6,6,3177.164,7000.98,93,161.942,63,0,79,39.497,54.566,80.179,14418
80,04-07-2025 21:04:39,81,93,84.7,5,3177.164,7000.98,100,164.527,63,0,78,44.524,53.085,71.219,14409
80,04-07-2025 21:04:40,81,93,82.4,6,3177.164,7000.98,86,149.543,63,0,77,40.405,53.401,73.716,14398
80,04-07-2025 21:04:41,81,93,82.9,5,3177.164,7000.98,88,158.735,63,0,81,34.883,47.152,63.68,14395
80,04-07-2025 21:04:42,80,93,82.5,5,3177.164,7000.98,69,164.182,63,0,72,38.456,51.699,68.806,14403
80,04-07-2025 21:04:43,81,93,85.7,5,3183.164,7000.98,97,160.427,63,0,73,37.018,48.384,65.567,14405
80,04-07-2025 21:04:44,80,94,89.3,6,3161.164,7000.98,79,141.122,63,0,78,39.713,53.345,74.384,14401
80,04-07-2025 21:04:45,80,93,93.8,6,2931.773,7000.98,71,135.354,63,0,79,34.594,51.748,72.827,14392
80,04-07-2025 21:04:46,80,76,104.6,4,2859.148,7000.98,81,140.579,63,0,82,43.367,58.359,83.071,14395
80,04-07-2025 21:04:47,80,76,105.2,4,2859.148,7000.98,84,141.514,63,0,80,39.458,58.167,82.774,14391
80,04-07-2025 21:04:48,79,77,105.6,4,2859.148,7000.98,79,137.056,63,0,78,43.186,57.639,83.978,14398
80,04-07-2025 21:04:49,78,63,104.1,3,2749.512,7000.98,66,120.696,63,0,79,39.828,56.606,82.203,14395
80,04-07-2025 21:04:50,78,60,106.1,4,2749.512,7000.98,74,118.73,63,0,79,45.006,57.956,83.526,14393
80,04-07-2025 21:04:51,77,55,92.8,3,2749.512,7000.98,65,111.401,63,0,85,62.937,68.695,98.68,14492
80,04-07-2025 21:04:52,77,56,104.5,3,2749.512,7000.98,65,122.025,63,0,84,43.851,60.587,91.583,14420
80,04-07-2025 21:04:53,77,58,108.2,4,2749.512,7000.98,71,117.32,63,0,81,45.945,61.599,90.889,14366
80,04-07-2025 21:04:54,76,53,99.2,3,2749.512,7000.98,53,123.322,63,0,85,52.811,66.035,96.963,14368
80,04-07-2025 21:04:55,76,55,88.8,3,2749.887,7000.98,65,116.456,63,0,87,67.067,73.082,101.491,14375
80,04-07-2025 21:04:56,76,55,100.6,3,2770.387,7000.98,64,116.166,63,0,86,61.308,69.359,101.038,14433
80,04-07-2025 21:04:57,76,57,106.5,3,2770.387,7000.98,64,117.235,63,0,83,44.734,59.631,89.18,14434
80,04-07-2025 21:04:58,76,58,106.3,4,2770.387,7000.98,67,114.831,63,0,81,44.686,58.496,86.588,14447
80,04-07-2025 21:04:59,76,59,107,4,2768.262,7000.98,71,120.983,63,0,84,41.802,59.967,87.317,14461
80,04-07-2025 21:05:00,76,66,109.3,4,2768.262,7000.98,64,119.286,63,0,86,50.955,63.601,94.406,14458
80,04-07-2025 21:05:01,75,59,97.3,3,2750.637,7000.98,67,102.571,63,0,95,67.221,74.026,106.185,14536
80,04-07-2025 21:05:02,75,41,70.9,3,2750.699,7000.98,67,111.457,63,0,92,72.357,73.109,110.075,14518
80,04-07-2025 21:05:03,75,59,93.7,3,2751.012,7000.98,68,113.251,63,0,87,63.468,71.059,107.142,14468
80,04-07-2025 21:05:04,74,63,100.2,3,2750.699,7000.98,51,109.628,63,0,98,49.216,63.196,96.954,14453
80,04-07-2025 21:05:05,75,50,91.1,3,2756.012,7000.98,65,115.087,63,0,88,72.839,79.343,116.492,14466
80,04-07-2025 21:05:06,74,51,90.7,3,2756.012,7000.98,61,111.054,63,0,90,84.061,83.854,118.218,14497
80,04-07-2025 21:05:07,74,57,111.3,3,2756.012,7000.98,70,119.93,63,0,85,55.701,65.922,99.235,14451
80,04-07-2025 21:05:08,75,62,117.3,5,2769.512,7000.98,71,119.625,63,0,88,46.332,59.992,88.905,14431
80,04-07-2025 21:05:09,75,60,116.6,4,2769.137,7000.98,65,116.915,63,0,84,49.014,61.827,93.934,14432
80,04-07-2025 21:05:10,73,61,114.3,5,2769.137,7000.98,59,101.261,63,0,96,45.223,58.437,83.484,14439
80,04-07-2025 21:05:11,74,60,119.3,5,2771.512,7000.98,64,118.024,63,0,78,38.01,52.653,78.211,14410
80,04-07-2025 21:05:12,74,56,116.3,4,2771.512,7000.98,71,118.574,63,0,83,54.966,64.226,93.647,14421
80,04-07-2025 21:05:13,74,61,118.8,5,2768.262,7000.98,72,117.811,63,0,78,43.731,56.848,85.067,14417
80,04-07-2025 21:05:14,74,65,119.8,4,2764.887,7000.98,74,123.94,63,0,81,40.82,56.369,81.323,14439
80,04-07-2025 21:05:15,74,65,113.9,4,2764.887,7000.98,61,116.769,63,0,86,53.334,62.828,91.756,14415
80,04-07-2025 21:05:16,74,61,120.2,4,2760.887,7000.98,70,118.423,63,0,76,40.798,55.408,80.516,14407
80,04-07-2025 21:05:17,74,56,114.2,4,2760.887,7000.98,71,116.659,63,0,79,56.462,64.697,95.272,14409
80,04-07-2025 21:05:18,74,62,119.4,5,2760.887,7000.98,74,120.774,63,0,87,37.216,49.778,69.685,14411
80,04-07-2025 21:05:19,73,58,117.3,4,2760.887,7000.98,65,117.056,62,0,83,56.329,65.894,99.489,14424
80,04-07-2025 21:05:20,74,64,119.2,6,2760.887,7000.98,64,121.549,62,0,76,35.136,49.007,68.036,14410
80,04-07-2025 21:05:21,74,69,119.3,5,2760.887,7000.98,70,118.146,62,0,84,60.325,63.199,87.649,14504
80,04-07-2025 21:05:22,73,65,118.5,5,2760.887,7000.98,69,112.63,62,0,84,44.245,54.861,75.089,14423
80,04-07-2025 21:05:23,73,51,122.5,5,2760.887,7000.98,67,112.491,62,0,79,44.241,57.277,79.332,14427
80,04-07-2025 21:05:24,73,56,118.4,5,2760.887,7000.98,59,114.148,62,0,87,35.79,48.574,66.933,14409
80,04-07-2025 21:05:25,73,55,114.4,4,2755.512,7000.98,67,108.962,62,0,92,56.427,66.129,90.032,14407
80,04-07-2025 21:05:26,73,65,120.8,4,2755.512,7000.98,71,119.643,62,0,83,62.257,68.672,100.704,14393
80,04-07-2025 21:05:27,72,65,119.5,4,2755.512,7000.98,67,111.258,62,0,80,39.127,51.771,70.423,14378
80,04-07-2025 21:05:28,72,55,119.9,5,2755.512,7000.98,58,110.137,62,0,76,32.146,46.112,63.829,14387
80,04-07-2025 21:05:29,72,55,118.2,5,2755.512,7000.98,64,110.874,62,0,83,37.221,50.065,67.262,14394
80,04-07-2025 21:05:30,72,52,120.9,4,2755.637,7000.98,68,114.767,62,0,73,41.619,54.292,70.837,14397
80,04-07-2025 21:05:31,72,56,119.7,4,2755.637,7000.98,69,113.792,62,0,70,33.866,46.009,61.446,14384
80,04-07-2025 21:05:32,72,59,118.2,5,2755.637,7000.98,64,112.404,62,0,87,41.279,54.155,72.64,14400
80,04-07-2025 21:05:33,72,58,115.6,5,2755.637,7000.98,63,115.587,62,0,81,57.746,67.383,98.817,14402
80,04-07-2025 21:05:34,72,61,120.1,4,2755.637,7000.98,68,113.924,62,0,80,51.338,59.322,83.799,14399
80,04-07-2025 21:05:35,72,62,120.7,5,2755.637,7000.98,67,112.483,62,0,80,35.762,48.755,64.167,14396
80,04-07-2025 21:05:36,72,66,120.4,5,2755.637,7000.98,64,113.186,62,0,79,54.605,59.876,84.038,14449
80,04-07-2025 21:05:37,72,58,117.4,5,2755.637,7000.98,61,117.794,62,0,89,46.405,55.458,78.781,14425
80,04-07-2025 21:05:38,72,62,121.4,5,2755.637,7000.98,63,121.932,62,0,79,39.505,52.217,69.555,14429
80,04-07-2025 21:05:39,72,69,119.4,6,2755.637,7000.98,71,117.599,62,0,81,41.781,53.042,72.228,14417
80,04-07-2025 21:05:40,72,68,115.9,6,2755.637,7000.98,68,111.101,62,0,90,41.174,52.412,75.661,14416
80,04-07-2025 21:05:41,72,61,121,5,2755.637,7000.98,64,120.913,62,0,77,45.335,55.772,75.746,14398
80,04-07-2025 21:05:42,72,66,119.8,5,2755.637,7000.98,62,116.347,62,0,74,41.694,50.584,66.517,14404
80,04-07-2025 21:05:43,72,62,120.3,6,2755.637,7000.98,70,117.963,62,0,74,37.809,49.799,67.514,14397
80,04-07-2025 21:05:44,72,64,119.9,6,2755.637,7000.98,72,120.613,61,0,74,47.61,56.033,81.98,14419
80,04-07-2025 21:05:45,72,65,120.3,6,2755.637,7000.98,70,118.774,61,0,74,29.697,44.293,61.41,14414
80,04-07-2025 21:05:46,71,63,119.6,6,2755.637,7000.98,59,112.315,61,0,85,40.241,49.8,68.063,14420
80,04-07-2025 21:05:47,71,59,118.5,5,2755.637,7000.98,63,107.316,61,0,80,48.54,61.962,86.224,14425
80,04-07-2025 21:05:48,71,54,120.2,5,2755.637,7000.98,65,106.892,61,0,74,27.44,43.144,58.276,14415
80,04-07-2025 21:05:49,71,53,120.2,5,2755.637,7000.98,65,104.926,61,0,83,49.595,59.369,80.038,14394
80,04-07-2025 21:05:50,70,47,120.2,4,2755.637,7000.98,56,105.592,61,0,75,39.758,51.615,71.547,14397
80,04-07-2025 21:05:51,70,48,120.2,4,2755.637,7000.98,56,103.547,61,0,80,52.098,58.002,81.398,14467
80,04-07-2025 21:05:52,70,48,118.7,4,2755.637,7000.98,66,112.088,61,0,84,39.8,48.963,70.063,14391
80,04-07-2025 21:05:53,70,49,116.9,4,2755.637,7000.98,61,103.925,61,0,83,47.903,58.221,82.312,14402
80,04-07-2025 21:05:54,69,45,120.3,4,2755.637,7000.98,59,104.127,61,0,74,34.174,44.866,65.366,14397
80,04-07-2025 21:05:55,70,46,119.8,4,2755.637,7000.98,55,104.006,61,0,77,34.745,47.124,63.122,14373
80,04-07-2025 21:05:56,70,47,120.2,4,2755.637,7000.98,58,102.669,61,0,76,41.288,52.961,72.105,14449
80,04-07-2025 21:05:57,69,47,120.2,4,2755.637,7000.98,61,102.968,61,0,75,46.489,55.476,72.489,14449
80,04-07-2025 21:05:58,69,46,119.9,4,2755.637,7000.98,55,103.28,61,0,78,34.597,47.632,65.249,14472
80,04-07-2025 21:05:59,70,46,120.1,4,2755.637,7000.98,56,107.127,61,0,77,33.529,46.212,63.033,14462
80,04-07-2025 21:06:00,69,47,120.3,4,2755.637,7000.98,54,101.624,60,0,74,46.352,52.829,70.479,14466
80,04-07-2025 21:06:01,69,49,119.8,4,2755.637,7000.98,62,100.186,60,0,78,49.12,55.424,76.992,14544
80,04-07-2025 21:06:02,69,45,119.6,4,2755.637,7000.98,64,105.007,60,0,72,36.714,46.988,62.991,14475
80,04-07-2025 21:06:03,69,47,120.3,4,2755.637,7000.98,55,100.244,60,0,74,32.213,44.467,59.46,14467
80,04-07-2025 21:06:04,68,45,119.9,4,2755.637,7000.98,54,101.637,60,0,73,40.522,49.846,71.305,14472
80,04-07-2025 21:06:05,69,45,119.9,4,2755.637,7000.98,57,107.635,60,0,75,33.274,47.12,62.657,14459
80,04-07-2025 21:06:06,68,57,120.3,5,2755.637,7000.98,56,101.851,60,0,81,51.892,58.144,83.039,14537
80,04-07-2025 21:06:07,69,48,120.7,4,2755.637,7000.98,66,110.764,60,0,76,36.183,46.783,63.694,14475
80,04-07-2025 21:06:08,69,49,120.2,5,2755.637,7000.98,68,114.434,60,0,75,43.188,52.159,70.279,14446
80,04-07-2025 21:06:09,68,60,119.5,5,2755.637,7000.98,54,101.385,60,0,73,28.776,42.035,59.747,14450
80,04-07-2025 21:06:10,68,49,119.9,4,2755.637,7000.98,55,101.864,60,0,72,38.586,45.232,62.612,14443
80,04-07-2025 21:06:11,69,45,119.8,4,2755.637,7000.98,65,106.622,60,0,73,26.928,40.324,54.722,14438
80,04-07-2025 21:06:12,68,48,101.8,4,2755.887,7000.98,65,73.08,59,0,76,25.402,39.612,56.081,14446
80,04-07-2025 21:06:13,69,47,120.3,4,2755.887,7000.98,59,114.233,59,0,73,27.511,40.89,55.668,14438
80,04-07-2025 21:06:14,69,57,119.3,5,2755.887,7000.98,56,105.685,59,0,70,35.854,47.054,57.287,14445
80,04-07-2025 21:06:15,69,53,120.4,5,2755.887,7000.98,66,113.695,59,0,73,27.29,41.534,53.955,14437
80,04-07-2025 21:06:16,69,57,120.6,5,2755.887,7000.98,68,113.183,59,0,72,30.847,44.035,56.189,14434
80,04-07-2025 21:06:17,69,60,120.3,5,2755.887,7000.98,64,112.388,59,0,72,26.876,39.713,52.001,14433
80,04-07-2025 21:06:18,69,60,119.9,5,2755.887,7000.98,62,112.093,59,0,72,28.653,41.844,55.347,14433
80,04-07-2025 21:06:19,69,60,119.5,5,2755.887,7000.98,55,103.166,59,0,73,28.914,41.064,54.087,14434
80,04-07-2025 21:06:20,68,52,118.9,5,2755.887,7000.98,63,102.574,59,0,74,33.089,45.656,58.902,14425
80,04-07-2025 21:06:21,68,45,119.6,4,2755.887,7000.98,64,103.708,59,0,78,47.818,55.687,76.448,14522
80,04-07-2025 21:06:22,68,47,117.9,4,2755.887,7000.98,65,108.568,59,0,80,49.681,58.027,81.326,14493
80,04-07-2025 21:06:23,68,50,119.8,4,2755.887,7000.98,55,103.095,59,0,75,45.409,54.964,77.173,14465
80,04-07-2025 21:06:24,68,48,119.9,4,2755.887,7000.98,59,106.519,59,0,76,31.42,44.935,61.407,14458
80,04-07-2025 21:06:25,69,51,119.5,4,2755.887,7000.98,67,112.975,59,0,77,42.238,51.942,71.554,14447
80,04-07-2025 21:06:26,68,61,120.1,5,2755.887,7000.98,66,108.906,58,0,75,44.758,54.051,71.84,14449
80,04-07-2025 21:06:27,68,54,120.6,4,2755.887,7000.98,56,107.164,58,0,76,40.22,53.632,75.927,14452
80,04-07-2025 21:06:28,69,54,119.8,5,2755.887,7000.98,57,108.057,58,0,76,41.707,53.414,74.562,14449
80,04-07-2025 21:06:29,68,55,119.7,5,2755.887,7000.98,62,109.719,58,0,73,29.92,44.125,61.315,14450
80,04-07-2025 21:06:30,68,54,120.5,5,2755.887,7000.98,56,106.586,58,0,72,34.43,46.277,61.899,14457
80,04-07-2025 21:06:31,68,47,120.8,5,2755.887,7000.98,55,103.196,58,0,73,29.283,43.894,58.574,14448
80,04-07-2025 21:06:32,68,46,119.9,4,2755.887,7000.98,58,102.799,58,0,73,29.01,42.371,57.203,14456
80,04-07-2025 21:06:33,68,45,118.7,4,2755.887,7000.98,64,105.787,58,0,76,32.296,46.71,62.818,14462
80,04-07-2025 21:06:34,68,52,120.2,5,2755.887,7000.98,65,105.363,58,0,76,51.644,57.688,79.461,14431
80,04-07-2025 21:06:35,68,52,120.2,4,2755.887,7000.98,60,106.901,58,0,73,26.682,41.936,56.516,14426
80,04-07-2025 21:06:36,68,57,120.3,4,2755.887,7000.98,57,109.266,58,0,77,47.598,55.923,78.632,14484
80,04-07-2025 21:06:37,68,60,119.6,4,2755.887,7000.98,55,103.371,58,0,82,35.921,47.371,64.431,14468
80,04-07-2025 21:06:38,68,49,118.4,4,2755.887,7000.98,61,105.763,58,0,78,54.478,61.13,84.886,14469
80,04-07-2025 21:06:39,68,51,120.1,4,2755.887,7000.98,64,112.171,58,0,78,35.955,49.421,70.674,14463
80,04-07-2025 21:06:40,68,52,119.9,4,2755.887,7000.98,57,105.317,58,0,77,47.661,56.49,78.42,14441
80,04-07-2025 21:06:41,68,48,119.7,5,2755.887,7000.98,61,105.423,58,0,74,30.869,43.661,60.44,14434
80,04-07-2025 21:06:42,67,48,120.2,5,2755.887,7000.98,62,104.718,57,0,73,35.66,46.425,65.711,14430
80,04-07-2025 21:06:43,68,51,119.8,5,2755.887,7000.98,65,108.841,57,0,70,28.663,42.181,55.835,14439
80,04-07-2025 21:06:44,68,57,120.3,5,2755.887,7000.98,56,104.853,57,0,74,33.537,46.869,60.969,14446
80,04-07-2025 21:06:45,67,50,119.9,5,2755.887,7000.98,56,102.201,57,0,73,36.227,48.695,65.97,14430
80,04-07-2025 21:06:46,68,48,120.1,5,2755.887,7000.98,62,102.8,57,0,73,31.629,44.88,60.557,14430
80,04-07-2025 21:06:47,68,49,118.7,4,2755.887,7000.98,60,108.193,57,0,79,58.05,62.488,86.255,14461
80,04-07-2025 21:06:48,67,51,119.5,5,2755.887,7000.98,59,106.108,57,0,75,34.117,47.439,64.667,14445
80,04-07-2025 21:06:49,68,53,119.8,5,2755.887,7000.98,56,105.087,57,0,75,35.619,48.324,64.38,14450
80,04-07-2025 21:06:50,68,53,119.9,5,2755.887,7000.98,63,106.654,57,0,76,35.128,48.07,62.694,14443
80,04-07-2025 21:06:51,68,57,116.6,5,2755.887,7000.98,61,104.224,57,0,91,67.086,70.492,97.93,14521
80,04-07-2025 21:06:52,68,53,116.9,4,2755.887,7000.98,64,108.175,57,0,81,62.006,67.867,102.084,14457
80,04-07-2025 21:06:53,68,56,120,5,2755.887,7000.98,56,107.804,57,0,80,40.157,52.739,74.437,14440
80,04-07-2025 21:06:54,68,56,118.2,5,2755.887,7000.98,57,106.936,57,0,87,45.258,56.901,78.419,14461
80,04-07-2025 21:06:55,68,51,112.9,4,2755.887,7000.98,59,106.895,57,0,83,60.92,66.056,99.384,14472
80,04-07-2025 21:06:56,68,50,118.9,5,2755.887,7000.98,64,107.355,57,0,79,50.47,59.45,83.722,14495
80,04-07-2025 21:06:57,68,52,116.4,4,2755.887,7000.98,57,103.648,57,0,97,58.93,66.364,94.755,14502
80,04-07-2025 21:06:58,68,49,113.6,4,2755.887,7000.98,60,109.006,57,0,85,67.063,73.835,106.669,14488
80,04-07-2025 21:06:59,68,51,118.7,4,2755.887,7000.98,57,108.106,57,0,91,46.289,57.213,85.467,14499
80,04-07-2025 21:07:00,68,52,121.1,4,2755.887,7000.98,64,107.298,57,0,81,48.568,59.258,84.882,14505
80,04-07-2025 21:07:01,68,51,118.9,5,2755.887,7000.98,65,107.154,56,0,89,57.923,63.997,94.451,14551
80,04-07-2025 21:07:02,68,51,114.1,3,2755.887,7000.98,62,107.008,56,0,88,64.104,72.466,105.177,14532
80,04-07-2025 21:07:03,68,50,120.2,5,2755.887,7000.98,56,106.391,56,0,89,38.8,53.199,80.005,14510
80,04-07-2025 21:07:04,68,49,119.9,5,2755.887,7000.98,62,106.504,56,0,80,37.927,51.553,76.589,14481
80,04-07-2025 21:07:05,68,50,116.6,5,2756.012,7000.98,57,102.96,56,0,91,52.659,61.412,87.476,14510
80,04-07-2025 21:07:06,68,51,115.8,4,2756.012,7000.98,64,105.703,56,0,89,75.124,78.293,114.481,14566
80,04-07-2025 21:07:07,69,55,121.5,4,2756.012,7000.98,60,111.712,56,0,84,48.656,59.834,89.99,14503
80,04-07-2025 21:07:08,68,55,117.5,5,2756.012,7000.98,58,104.609,56,0,96,48.803,57.8,84.456,14486
80,04-07-2025 21:07:09,68,52,118.4,4,2756.012,7000.98,66,110.117,56,0,86,49.317,61.595,85.825,14485
80,04-07-2025 21:07:10,68,56,120.2,5,2756.012,7000.98,65,107.419,56,0,83,37.765,49.227,70.986,14474
80,04-07-2025 21:07:11,68,52,119.9,5,2756.012,7000.98,61,107.534,56,0,73,35.052,48.269,68.049,14476
80,04-07-2025 21:07:12,68,49,116.8,4,2756.012,7000.98,55,102.927,56,0,90,65.092,68.191,102.543,14497
80,04-07-2025 21:07:13,68,47,120.2,4,2756.012,7000.98,57,104.292,56,0,81,36.564,49.268,69.793,14481
80,04-07-2025 21:07:14,68,47,119.9,4,2756.012,7000.98,63,107.039,56,0,84,44.651,56.403,84.642,14484
80,04-07-2025 21:07:15,68,52,119.9,4,2756.012,7000.98,67,110.248,56,0,81,35.863,48.734,69.552,14469
80,04-07-2025 21:07:16,68,53,119.9,5,2756.012,7000.98,57,111.314,56,0,74,34.015,46.976,64.999,14458
80,04-07-2025 21:07:17,68,57,119.8,5,2756.012,7000.98,56,105.248,56,0,89,66.573,65.764,91.606,14346
80,04-07-2025 21:07:18,68,50,120,4,2756.012,7000.98,65,106.073,56,0,87,74.569,68.57,99.633,14039
80,04-07-2025 21:07:19,68,50,119.7,4,2756.012,7000.98,56,106.229,56,0,92,77.793,72.703,105.526,13664
80,04-07-2025 21:07:20,68,49,109.9,4,2756.012,7000.98,58,99.57,56,0,98,86,87.46,118.3,13687
80,04-07-2025 21:07:21,68,44,114.7,2,2756.012,7000.98,61,105.318,56,0,89,77.707,75.156,107.015,13769
80,04-07-2025 21:07:22,68,48,120.9,4,2756.012,7000.98,64,107.082,56,0,80,37.131,47.689,70.066,13706
80,04-07-2025 21:07:23,68,48,119.5,5,2756.012,7000.98,65,107.592,56,0,99,52.466,58.784,86.375,13717
80,04-07-2025 21:07:24,69,50,120.7,5,2756.012,7000.98,58,109.492,56,0,81,46.591,56.233,82.63,13717
80,04-07-2025 21:07:25,65,52,75.6,5,2780.887,7000.98,35,66.454,55,0,85,58.401,55.669,81.989,13796
80,04-07-2025 21:07:26,65,8,38.4,1,2556.137,7000.98,39,60.647,55,0,94,69.797,75.121,104.872,13574
80,04-07-2025 21:07:27,63,23,96.8,2,2648.75,7000.98,25,46.027,55,1,85,75.055,78.644,110.624,13465
80,04-07-2025 21:07:28,63,29,116,1,2521.547,7000.98,30,54.219,55,1,82,30.41,35.656,57.803,13292
80,04-07-2025 21:07:29,62,28,119.9,1,2521.547,7000.98,28,47.379,54,1,71,19.197,27.82,46.496,13283
80,04-07-2025 21:07:30,62,35,119.9,1,2519.422,7000.98,27,47.48,54,1,79,20.219,25.688,42.025,13286
80,04-07-2025 21:07:31,61,35,N/A,1,1324.957,7000.98,22,38.815,53,1,73,39.618,44.124,59.016,12251
80,04-07-2025 21:07:32,60,8,N/A,0,1323.77,810,11,30.332,52,1,64,43.934,29.17,46.25,12240
80,04-07-2025 21:07:33,59,6,N/A,0,1310.457,810,10,19.03,51,1,65,19.873,17.388,30.14,12246
80,04-07-2025 21:07:34,58,17,N/A,0,1310.457,405,10,19.318,50,1,63,22.412,24.486,39.635,12215
80,04-07-2025 21:07:35,58,11,N/A,0,1310.457,405,9,16.411,49,1,68,14.5,16.872,20.785,12195
80,04-07-2025 21:07:36,58,25,N/A,1,1320.238,405,9,18.581,48,1,62,39.931,45.567,63.661,12292
80,04-07-2025 21:07:37,57,23,N/A,1,1318.301,405,9,16.353,47,1,76,43.194,47.951,70.475,12526
80,04-07-2025 21:07:38,57,10,N/A,1,1318.207,405,9,16.046,47,1,72,41.946,41.375,63.178,12776